run_id,facility_id,drug_id,requirement,allocated,coverage_ratio,priority_score,post_allocation_days_of_stock,unmet_demand
L2-2026-01,PKM-001,OBT-001,59,59,1.0,5.322,83.8,0
L2-2026-01,PKM-001,OBT-002,8,8,1.0,5.322,84.0,0
L2-2026-01,PKM-001,OBT-003,42,42,1.0,7.983,60.0,0
L2-2026-01,PKM-001,OBT-004,216,216,1.0,9.314,52.5,0
L2-2026-01,PKM-001,OBT-005,27,27,1.0,5.322,45.0,0
L2-2026-01,PKM-001,OBT-006,27,27,1.0,5.322,45.0,0
L2-2026-01,PKM-001,OBT-007,3,3,1.0,7.983,75.0,0
L2-2026-01,PKM-001,OBT-008,32,32,1.0,5.322,91.4,0
L2-2026-01,PKM-001,OBT-009,20,20,1.0,5.322,76.2,0
L2-2026-01,PKM-001,OBT-010,2,2,1.0,7.983,90.0,0
L2-2026-01,PKM-001,OBT-011,8,8,1.0,11.176,66.0,0
L2-2026-01,PKM-001,OBT-012,48,48,1.0,7.309,63.8,0
L2-2026-01,PKM-001,OBT-013,41,41,1.0,12.773,45.6,0
L2-2026-01,PKM-001,OBT-014,9,9,1.0,10.644,45.0,0
L2-2026-01,PKM-001,OBT-015,6,6,1.0,12.773,45.0,0
L2-2026-01,PKM-001,OBT-016,14,14,1.0,6.386,46.7,0
L2-2026-01,PKM-001,OBT-017,47,47,1.0,7.451,45.5,0
L2-2026-01,PKM-001,OBT-022,14,9,0.643,5.322,63.3,5
L2-2026-01,PKM-001,OBT-023,6,6,1.0,2.661,90.0,0
L2-2026-01,PKM-001,OBT-024,30,30,1.0,3.592,64.5,0
L2-2026-01,PKM-001,OBT-025,14,14,1.0,5.322,206.7,0
L2-2026-01,PKM-001,OBT-026,21,21,1.0,6.386,45.0,0
L2-2026-01,PKM-001,OBT-027,26,26,1.0,6.386,45.9,0
L2-2026-01,PKM-001,OBT-028,2,2,1.0,6.386,60.0,0
L2-2026-01,PKM-002,OBT-001,61,61,1.0,3.671,83.3,0
L2-2026-01,PKM-002,OBT-002,8,8,1.0,3.671,90.0,0
L2-2026-01,PKM-002,OBT-003,22,22,1.0,3.671,90.0,0
L2-2026-01,PKM-002,OBT-004,200,200,1.0,5.151,55.2,0
L2-2026-01,PKM-002,OBT-005,29,13,0.448,1.835,52.2,16
L2-2026-01,PKM-002,OBT-006,29,23,0.793,1.835,65.2,6
L2-2026-01,PKM-002,OBT-007,2,2,1.0,5.506,120.0,0
L2-2026-01,PKM-002,OBT-008,15,15,1.0,3.671,122.5,0
L2-2026-01,PKM-002,OBT-009,12,12,1.0,3.671,126.7,0
L2-2026-01,PKM-002,OBT-011,5,5,1.0,5.506,67.5,0
L2-2026-01,PKM-002,OBT-012,30,27,0.9,3.671,66.2,3
L2-2026-01,PKM-002,OBT-013,20,20,1.0,3.671,187.5,0
L2-2026-01,PKM-002,OBT-015,4,4,1.0,3.671,120.0,0
L2-2026-01,PKM-002,OBT-016,9,9,1.0,1.835,107.1,0
L2-2026-01,PKM-002,OBT-017,29,29,1.0,1.835,120.0,0
L2-2026-01,PKM-002,OBT-018,30,17,0.567,3.671,81.2,13
L2-2026-01,PKM-002,OBT-021,30,23,0.767,3.671,88.8,7
L2-2026-01,PKM-002,OBT-022,4,4,1.0,3.671,190.0,0
L2-2026-01,PKM-002,OBT-023,3,3,1.0,1.835,180.0,0
L2-2026-01,PKM-002,OBT-024,41,0,0.0,1.835,69.1,41
L2-2026-01,PKM-002,OBT-025,30,30,1.0,3.671,97.5,0
L2-2026-01,PKM-002,OBT-026,13,6,0.462,1.835,123.0,7
L2-2026-01,PKM-002,OBT-027,17,10,0.588,1.835,120.0,7
L2-2026-01,PKM-002,OBT-028,2,2,1.0,1.835,120.0,0
L2-2026-01,PKM-003,OBT-001,39,39,1.0,2.988,76.8,0
L2-2026-01,PKM-003,OBT-002,5,5,1.0,2.988,82.5,0
L2-2026-01,PKM-003,OBT-003,42,9,0.214,4.402,23.3,33
L2-2026-01,PKM-003,OBT-004,247,68,0.275,2.988,67.8,179
L2-2026-01,PKM-003,OBT-005,35,16,0.457,1.494,88.0,19
L2-2026-01,PKM-003,OBT-006,35,28,0.8,1.494,100.0,7
L2-2026-01,PKM-003,OBT-007,3,3,1.0,6.722,60.0,0
L2-2026-01,PKM-003,OBT-008,40,28,0.7,2.988,78.0,12
L2-2026-01,PKM-003,OBT-009,22,11,0.5,2.988,75.8,11
L2-2026-01,PKM-003,OBT-010,2,2,1.0,4.481,150.0,0
L2-2026-01,PKM-003,OBT-011,7,7,1.0,4.481,65.0,0
L2-2026-01,PKM-003,OBT-012,42,32,0.762,3.485,51.7,10
L2-2026-01,PKM-003,OBT-013,69,10,0.145,4.531,19.5,59
L2-2026-01,PKM-003,OBT-014,20,13,0.65,5.099,31.8,7
L2-2026-01,PKM-003,OBT-015,3,3,1.0,2.988,150.0,0
L2-2026-01,PKM-003,OBT-016,5,5,1.0,1.494,142.5,0
L2-2026-01,PKM-003,OBT-017,26,26,1.0,1.494,81.8,0
L2-2026-01,PKM-003,OBT-018,28,16,0.571,2.988,80.0,12
L2-2026-01,PKM-003,OBT-021,28,22,0.786,2.988,117.5,6
L2-2026-01,PKM-003,OBT-022,8,5,0.625,2.988,72.9,3
L2-2026-01,PKM-003,OBT-023,4,3,0.75,1.494,60.0,1
L2-2026-01,PKM-003,OBT-024,26,26,1.0,1.494,70.9,0
L2-2026-01,PKM-003,OBT-025,42,0,0.0,2.988,60.0,42
L2-2026-01,PKM-003,OBT-026,12,6,0.5,1.494,60.0,6
L2-2026-01,PKM-003,OBT-027,15,9,0.6,1.494,60.0,6
L2-2026-01,PKM-003,OBT-028,2,0,0.0,1.494,60.0,2
L2-2026-01,PKM-004,OBT-001,66,66,1.0,9.243,56.7,0
L2-2026-01,PKM-004,OBT-002,9,9,1.0,8.793,60.0,0
L2-2026-01,PKM-004,OBT-003,30,30,1.0,10.259,52.5,0
L2-2026-01,PKM-004,OBT-004,91,11,0.121,5.862,104.0,80
L2-2026-01,PKM-004,OBT-005,6,6,1.0,2.931,315.0,0
L2-2026-01,PKM-004,OBT-006,6,6,1.0,2.931,315.0,0
L2-2026-01,PKM-004,OBT-008,51,35,0.686,7.367,52.3,16
L2-2026-01,PKM-004,OBT-009,37,19,0.514,8.676,38.4,18
L2-2026-01,PKM-004,OBT-012,40,31,0.775,5.862,65.6,9
L2-2026-01,PKM-004,OBT-013,27,27,1.0,6.194,73.3,0
L2-2026-01,PKM-004,OBT-014,9,9,1.0,5.862,75.0,0
L2-2026-01,PKM-004,OBT-015,6,6,1.0,5.862,97.5,0
L2-2026-01,PKM-004,OBT-016,12,12,1.0,2.931,86.2,0
L2-2026-01,PKM-004,OBT-017,27,27,1.0,3.253,71.7,0
L2-2026-01,PKM-004,OBT-022,9,9,1.0,14.069,45.0,0
L2-2026-01,PKM-004,OBT-023,5,5,1.0,5.862,50.0,0
L2-2026-01,PKM-004,OBT-025,35,35,1.0,5.862,73.8,0
L2-2026-01,PKM-004,OBT-026,11,11,1.0,2.931,77.1,0
L2-2026-01,PKM-004,OBT-027,12,9,0.75,2.931,67.5,3
L2-2026-01,PKM-004,OBT-029,30,22,0.733,14.069,33.0,8
L2-2026-01,PKM-004,OBT-030,15,14,0.933,14.069,42.0,1
L2-2026-01,PKM-005,OBT-001,77,77,1.0,18.047,45.3,0
L2-2026-01,PKM-005,OBT-002,9,9,1.0,18.047,45.0,0
L2-2026-01,PKM-005,OBT-003,48,48,1.0,18.047,45.0,0
L2-2026-01,PKM-005,OBT-004,159,159,1.0,15.791,45.0,0
L2-2026-01,PKM-005,OBT-005,14,14,1.0,2.82,76.7,0
L2-2026-01,PKM-005,OBT-006,14,14,1.0,2.82,76.7,0
L2-2026-01,PKM-005,OBT-008,9,9,1.0,5.64,105.0,0
L2-2026-01,PKM-005,OBT-009,6,6,1.0,5.64,142.5,0
L2-2026-01,PKM-005,OBT-012,93,71,0.763,9.644,43.1,22
L2-2026-01,PKM-005,OBT-013,53,53,1.0,15.791,45.4,0
L2-2026-01,PKM-005,OBT-014,12,12,1.0,15.791,45.0,0
L2-2026-01,PKM-005,OBT-015,8,8,1.0,5.64,108.0,0
L2-2026-01,PKM-005,OBT-016,15,15,1.0,2.82,102.0,0
L2-2026-01,PKM-005,OBT-017,26,26,1.0,9.024,45.9,0
L2-2026-01,PKM-005,OBT-021,72,60,0.833,11.28,37.5,12
L2-2026-01,PKM-005,OBT-024,30,30,1.0,6.768,45.0,0
L2-2026-01,PKM-005,OBT-025,26,26,1.0,5.64,130.6,0
L2-2026-01,PKM-005,OBT-026,9,9,1.0,7.896,45.0,0
L2-2026-01,PKM-005,OBT-027,12,12,1.0,7.896,45.0,0
L2-2026-01,PKM-005,OBT-028,3,3,1.0,5.64,45.0,0
L2-2026-01,PKM-006,OBT-001,46,46,1.0,12.828,44.5,0
L2-2026-01,PKM-006,OBT-002,6,6,1.0,12.828,45.0,0
L2-2026-01,PKM-006,OBT-003,49,49,1.0,12.828,44.5,0
L2-2026-01,PKM-006,OBT-004,238,238,1.0,12.828,43.8,0
L2-2026-01,PKM-006,OBT-005,31,31,1.0,5.345,44.3,0
L2-2026-01,PKM-006,OBT-006,31,31,1.0,5.345,44.3,0
L2-2026-01,PKM-006,OBT-008,55,38,0.691,6.414,98.9,17
L2-2026-01,PKM-006,OBT-009,30,15,0.5,6.414,99.0,15
L2-2026-01,PKM-006,OBT-012,52,52,1.0,7.18,64.3,0
L2-2026-01,PKM-006,OBT-013,57,57,1.0,10.138,46.9,0
L2-2026-01,PKM-006,OBT-014,17,17,1.0,7.768,62.7,0
L2-2026-01,PKM-006,OBT-015,3,3,1.0,5.345,285.0,0
L2-2026-01,PKM-006,OBT-016,6,6,1.0,2.673,285.0,0
L2-2026-01,PKM-006,OBT-017,37,37,1.0,8.552,44.4,0
L2-2026-01,PKM-006,OBT-024,21,21,1.0,2.673,128.6,0
L2-2026-01,PKM-006,OBT-026,18,18,1.0,8.552,45.0,0
L2-2026-01,PKM-006,OBT-027,22,22,1.0,8.552,44.0,0
L2-2026-01,PKM-006,OBT-028,2,2,1.0,2.673,90.0,0
L2-2026-01,PKM-007,OBT-001,68,68,1.0,2.965,184.4,0
L2-2026-01,PKM-007,OBT-002,9,0,0.0,2.965,145.7,9
L2-2026-01,PKM-007,OBT-003,25,25,1.0,2.965,168.0,0
L2-2026-01,PKM-007,OBT-004,285,0,0.0,2.965,42.3,285
L2-2026-01,PKM-007,OBT-005,43,19,0.442,1.779,116.6,24
L2-2026-01,PKM-007,OBT-006,43,33,0.767,1.779,74.6,10
L2-2026-01,PKM-007,OBT-007,3,0,0.0,4.447,90.0,3
L2-2026-01,PKM-007,OBT-008,47,32,0.681,2.965,56.8,15
L2-2026-01,PKM-007,OBT-009,36,18,0.5,2.965,70.3,18
L2-2026-01,PKM-007,OBT-010,3,0,0.0,4.447,30.0,3
L2-2026-01,PKM-007,OBT-013,36,36,1.0,2.965,71.4,0
L2-2026-01,PKM-007,OBT-014,8,6,0.75,2.965,75.0,2
L2-2026-01,PKM-007,OBT-015,5,5,1.0,2.965,75.0,0
L2-2026-01,PKM-007,OBT-016,9,9,1.0,1.907,60.0,0
L2-2026-01,PKM-007,OBT-017,52,0,0.0,1.482,50.0,52
L2-2026-01,PKM-007,OBT-022,7,5,0.714,3.558,132.0,2
L2-2026-01,PKM-007,OBT-023,4,3,0.75,1.482,90.0,1
L2-2026-01,PKM-007,OBT-024,27,27,1.0,1.482,80.5,0
L2-2026-01,PKM-007,OBT-025,30,30,1.0,2.965,187.5,0
L2-2026-01,PKM-007,OBT-026,26,11,0.423,1.482,75.7,15
L2-2026-01,PKM-007,OBT-027,31,17,0.548,1.482,80.4,14
L2-2026-01,PKM-007,OBT-028,3,3,1.0,2.965,45.0,0
L2-2026-01,PKM-008,OBT-001,12,12,1.0,3.92,263.3,0
L2-2026-01,PKM-008,OBT-002,2,2,1.0,3.92,330.0,0
L2-2026-01,PKM-008,OBT-003,8,8,1.0,3.92,190.0,0
L2-2026-01,PKM-008,OBT-004,240,240,1.0,3.92,74.6,0
L2-2026-01,PKM-008,OBT-005,43,19,0.442,2.352,76.9,24
L2-2026-01,PKM-008,OBT-006,43,33,0.767,1.96,90.0,10
L2-2026-01,PKM-008,OBT-008,40,40,1.0,7.186,45.0,0
L2-2026-01,PKM-008,OBT-009,26,13,0.5,5.161,41.1,13
L2-2026-01,PKM-008,OBT-010,2,0,0.0,5.879,30.0,2
L2-2026-01,PKM-008,OBT-011,7,0,0.0,5.879,84.0,7
L2-2026-01,PKM-008,OBT-012,42,32,0.762,3.92,108.4,10
L2-2026-01,PKM-008,OBT-013,42,42,1.0,4.926,62.9,0
L2-2026-01,PKM-008,OBT-014,10,7,0.7,4.481,55.7,3
L2-2026-01,PKM-008,OBT-015,8,8,1.0,4.703,110.0,0
L2-2026-01,PKM-008,OBT-016,18,0,0.0,2.352,64.6,18
L2-2026-01,PKM-008,OBT-017,11,11,1.0,1.96,243.8,0
L2-2026-01,PKM-008,OBT-018,32,19,0.594,3.92,53.8,13
L2-2026-01,PKM-008,OBT-022,16,10,0.625,3.92,80.0,6
L2-2026-01,PKM-008,OBT-023,8,6,0.75,1.96,60.0,2
L2-2026-01,PKM-008,OBT-024,27,27,1.0,2.646,60.0,0
L2-2026-01,PKM-008,OBT-028,2,2,1.0,3.92,60.0,0
L2-2026-01,PKM-009,OBT-001,67,67,1.0,12.561,44.7,0
L2-2026-01,PKM-009,OBT-002,9,9,1.0,12.561,45.0,0
L2-2026-01,PKM-009,OBT-003,58,58,1.0,12.561,44.6,0
L2-2026-01,PKM-009,OBT-004,169,16,0.095,8.287,16.7,153
L2-2026-01,PKM-009,OBT-005,14,14,1.0,2.617,136.7,0
L2-2026-01,PKM-009,OBT-006,14,14,1.0,2.617,136.7,0
L2-2026-01,PKM-009,OBT-007,3,3,1.0,11.776,60.0,0
L2-2026-01,PKM-009,OBT-008,33,23,0.697,5.234,87.3,10
L2-2026-01,PKM-009,OBT-009,20,13,0.65,5.234,85.4,7
L2-2026-01,PKM-009,OBT-010,2,2,1.0,7.85,150.0,0
L2-2026-01,PKM-009,OBT-013,30,30,1.0,7.589,61.5,0
L2-2026-01,PKM-009,OBT-014,9,9,1.0,5.234,75.0,0
L2-2026-01,PKM-009,OBT-015,5,5,1.0,12.561,50.0,0
L2-2026-01,PKM-009,OBT-016,8,8,1.0,4.71,54.0,0
L2-2026-01,PKM-009,OBT-017,33,33,1.0,8.374,45.0,0
L2-2026-01,PKM-009,OBT-024,6,6,1.0,2.617,142.5,0
L2-2026-01,PKM-009,OBT-026,15,15,1.0,7.327,45.0,0
L2-2026-01,PKM-009,OBT-027,20,20,1.0,8.374,46.2,0
L2-2026-01,PKM-010,OBT-001,41,41,1.0,3.173,103.6,0
L2-2026-01,PKM-010,OBT-002,5,5,1.0,3.173,97.5,0
L2-2026-01,PKM-010,OBT-003,16,16,1.0,3.173,76.2,0
L2-2026-01,PKM-010,OBT-004,269,269,1.0,6.347,36.8,0
L2-2026-01,PKM-010,OBT-005,45,20,0.444,2.499,20.0,25
L2-2026-01,PKM-010,OBT-006,45,35,0.778,1.653,51.7,10
L2-2026-01,PKM-010,OBT-007,2,2,1.0,3.967,90.0,0
L2-2026-01,PKM-010,OBT-008,7,7,1.0,2.644,498.0,0
L2-2026-01,PKM-010,OBT-009,5,5,1.0,2.644,412.5,0
L2-2026-01,PKM-010,OBT-013,48,48,1.0,3.173,70.8,0
L2-2026-01,PKM-010,OBT-014,12,9,0.75,3.817,46.7,3
L2-2026-01,PKM-010,OBT-015,7,7,1.0,4.76,48.0,0
L2-2026-01,PKM-010,OBT-016,13,13,1.0,2.116,51.0,0
L2-2026-01,PKM-010,OBT-017,43,43,1.0,3.173,36.9,0
L2-2026-01,PKM-010,OBT-018,30,17,0.567,2.644,51.2,13
L2-2026-01,PKM-010,OBT-019,37,37,1.0,3.967,97.0,0
L2-2026-01,PKM-010,OBT-020,13,10,0.769,2.644,84.0,3
L2-2026-01,PKM-010,OBT-021,30,23,0.767,3.173,88.8,7
L2-2026-01,PKM-010,OBT-022,5,5,1.0,3.173,202.5,0
L2-2026-01,PKM-010,OBT-023,3,3,1.0,1.322,225.0,0
L2-2026-01,PKM-010,OBT-024,32,32,1.0,3.173,36.9,0
L2-2026-01,PKM-010,OBT-025,41,0,0.0,2.644,32.7,41
L2-2026-01,PKM-010,OBT-026,20,9,0.45,3.173,16.9,11
L2-2026-01,PKM-010,OBT-027,24,14,0.583,3.173,22.1,10
L2-2026-01,PKM-010,OBT-028,2,0,0.0,1.322,30.0,2
L2-2026-01,PKM-011,OBT-001,152,0,0.0,4.95,94.3,152
L2-2026-01,PKM-011,OBT-002,19,0,0.0,4.95,96.4,19
L2-2026-01,PKM-011,OBT-003,107,0,0.0,5.776,52.8,107
L2-2026-01,PKM-011,OBT-004,354,96,0.271,4.95,51.0,258
L2-2026-01,PKM-011,OBT-005,32,19,0.594,2.957,41.7,13
L2-2026-01,PKM-011,OBT-006,32,26,0.812,2.957,50.9,6
L2-2026-01,PKM-011,OBT-008,34,34,1.0,6.271,55.2,0
L2-2026-01,PKM-011,OBT-009,21,11,0.524,4.675,48.0,10
L2-2026-01,PKM-011,OBT-012,44,34,0.773,4.125,142.5,10
L2-2026-01,PKM-011,OBT-013,42,42,1.0,7.178,57.1,0
L2-2026-01,PKM-011,OBT-014,9,8,0.889,4.125,70.0,1
L2-2026-01,PKM-011,OBT-015,3,3,1.0,4.125,165.0,0
L2-2026-01,PKM-011,OBT-016,6,6,1.0,2.063,82.5,0
L2-2026-01,PKM-011,OBT-017,21,21,1.0,2.338,68.0,0
L2-2026-01,PKM-011,OBT-018,33,19,0.576,4.125,53.8,14
L2-2026-01,PKM-011,OBT-024,38,38,1.0,4.95,40.7,0
L2-2026-01,PKM-011,OBT-025,56,36,0.643,4.634,52.7,20
L2-2026-01,PKM-011,OBT-026,10,10,1.0,2.95,60.0,0
L2-2026-01,PKM-011,OBT-027,11,7,0.636,2.063,56.2,4
L2-2026-01,PKM-011,OBT-028,2,2,1.0,2.063,120.0,0
L2-2026-01,PKM-012,OBT-001,27,27,1.0,3.783,69.5,0
L2-2026-01,PKM-012,OBT-002,4,4,1.0,5.044,60.0,0
L2-2026-01,PKM-012,OBT-003,8,8,1.0,3.783,100.0,0
L2-2026-01,PKM-012,OBT-004,180,180,1.0,9.079,36.5,0
L2-2026-01,PKM-012,OBT-005,31,31,1.0,3.783,37.2,0
L2-2026-01,PKM-012,OBT-006,31,31,1.0,3.783,37.2,0
L2-2026-01,PKM-012,OBT-007,2,0,0.0,5.674,60.0,2
L2-2026-01,PKM-012,OBT-008,24,24,1.0,3.783,97.9,0
L2-2026-01,PKM-012,OBT-009,21,11,0.524,3.783,65.3,10
L2-2026-01,PKM-012,OBT-010,2,0,0.0,5.674,60.0,2
L2-2026-01,PKM-012,OBT-013,28,28,1.0,4.539,95.2,0
L2-2026-01,PKM-012,OBT-014,8,8,1.0,3.783,120.0,0
L2-2026-01,PKM-012,OBT-015,7,7,1.0,3.783,126.0,0
L2-2026-01,PKM-012,OBT-016,13,13,1.0,1.891,126.0,0
L2-2026-01,PKM-012,OBT-017,36,19,0.528,1.891,57.9,17
L2-2026-01,PKM-012,OBT-018,30,18,0.6,3.783,82.5,12
L2-2026-01,PKM-012,OBT-022,5,5,1.0,3.783,225.0,0
L2-2026-01,PKM-012,OBT-023,4,4,1.0,1.891,140.0,0
L2-2026-01,PKM-012,OBT-024,13,13,1.0,1.891,117.0,0
L2-2026-01,PKM-012,OBT-026,16,7,0.438,1.891,48.5,9
L2-2026-01,PKM-012,OBT-027,19,11,0.579,1.891,56.0,8
L2-2026-01,PKM-012,OBT-028,4,4,1.0,3.783,40.0,0
L2-2026-01,PKM-013,OBT-001,18,18,1.0,2.61,152.0,0
L2-2026-01,PKM-013,OBT-002,3,3,1.0,2.61,165.0,0
L2-2026-01,PKM-013,OBT-003,14,14,1.0,2.61,100.0,0
L2-2026-01,PKM-013,OBT-004,155,155,1.0,2.61,109.1,0
L2-2026-01,PKM-013,OBT-005,25,11,0.44,1.305,105.7,14
L2-2026-01,PKM-013,OBT-006,25,20,0.8,1.305,118.6,5
L2-2026-01,PKM-013,OBT-007,2,2,1.0,3.915,150.0,0
L2-2026-01,PKM-013,OBT-008,71,48,0.676,3.341,45.2,23
L2-2026-01,PKM-013,OBT-009,42,21,0.5,2.61,48.3,21
L2-2026-01,PKM-013,OBT-010,3,3,1.0,5.873,60.0,0
L2-2026-01,PKM-013,OBT-011,7,7,1.0,3.915,65.0,0
L2-2026-01,PKM-013,OBT-012,38,29,0.763,2.61,58.2,9
L2-2026-01,PKM-013,OBT-013,19,19,1.0,2.61,163.1,0
L2-2026-01,PKM-013,OBT-015,4,4,1.0,2.61,140.0,0
L2-2026-01,PKM-013,OBT-016,7,7,1.0,1.305,130.0,0
L2-2026-01,PKM-013,OBT-017,58,58,1.0,3.132,34.8,0
L2-2026-01,PKM-013,OBT-022,17,10,0.588,2.61,60.0,7
L2-2026-01,PKM-013,OBT-023,7,6,0.857,1.305,90.0,1
L2-2026-01,PKM-013,OBT-024,38,0,0.0,1.305,69.1,38
L2-2026-01,PKM-013,OBT-025,28,28,1.0,2.61,95.0,0
L2-2026-01,PKM-013,OBT-026,30,13,0.433,3.132,15.0,17
L2-2026-01,PKM-013,OBT-027,36,20,0.556,3.132,19.4,16
L2-2026-01,PKM-013,OBT-028,3,0,0.0,1.305,30.0,3
L2-2026-01,PKM-013,OBT-029,15,9,0.6,2.61,85.4,6
L2-2026-01,PKM-013,OBT-030,14,10,0.714,2.61,85.0,4
L2-2026-01,PKM-014,OBT-001,12,12,1.0,2.724,138.0,0
L2-2026-01,PKM-014,OBT-002,2,2,1.0,2.724,180.0,0
L2-2026-01,PKM-014,OBT-003,15,15,1.0,2.724,80.8,0
L2-2026-01,PKM-014,OBT-004,152,152,1.0,2.724,67.3,0
L2-2026-01,PKM-014,OBT-005,25,12,0.48,1.362,55.7,13
L2-2026-01,PKM-014,OBT-006,25,20,0.8,1.362,67.1,5
L2-2026-01,PKM-014,OBT-007,2,2,1.0,4.086,120.0,0
L2-2026-01,PKM-014,OBT-008,38,26,0.684,2.724,63.6,12
L2-2026-01,PKM-014,OBT-009,20,10,0.5,2.724,63.5,10
L2-2026-01,PKM-014,OBT-010,2,2,1.0,4.086,120.0,0
L2-2026-01,PKM-014,OBT-011,7,7,1.0,5.448,55.0,0
L2-2026-01,PKM-014,OBT-012,43,33,0.767,3.605,47.0,10
L2-2026-01,PKM-014,OBT-013,31,31,1.0,2.724,76.7,0
L2-2026-01,PKM-014,OBT-014,5,5,1.0,2.724,157.5,0
L2-2026-01,PKM-014,OBT-015,2,2,1.0,2.724,360.0,0
L2-2026-01,PKM-014,OBT-016,4,4,1.0,1.362,260.0,0
L2-2026-01,PKM-014,OBT-017,38,0,0.0,1.634,55.5,38
L2-2026-01,PKM-014,OBT-018,56,32,0.571,5.448,20.0,24
L2-2026-01,PKM-014,OBT-022,17,10,0.588,6.538,21.4,7
L2-2026-01,PKM-014,OBT-023,7,6,0.857,2.724,30.0,1
L2-2026-01,PKM-014,OBT-024,36,0,0.0,1.362,50.3,36
L2-2026-01,PKM-014,OBT-025,28,28,1.0,2.724,95.0,0
L2-2026-01,PKM-014,OBT-026,21,9,0.429,1.634,61.7,12
L2-2026-01,PKM-014,OBT-027,25,14,0.56,1.634,67.1,11
L2-2026-01,PKM-014,OBT-028,3,0,0.0,1.362,30.0,3
L2-2026-01,PKM-015,OBT-001,96,96,1.0,8.654,40.0,0
L2-2026-01,PKM-015,OBT-002,12,12,1.0,6.406,46.7,0
L2-2026-01,PKM-015,OBT-003,30,30,1.0,5.577,54.5,0
L2-2026-01,PKM-015,OBT-004,222,222,1.0,6.166,48.8,0
L2-2026-01,PKM-015,OBT-005,28,28,1.0,4.327,40.0,0
L2-2026-01,PKM-015,OBT-006,28,26,0.929,3.263,42.9,2
L2-2026-01,PKM-015,OBT-007,3,3,1.0,10.817,45.0,0
L2-2026-01,PKM-015,OBT-011,6,6,1.0,5.409,210.0,0
L2-2026-01,PKM-015,OBT-012,31,24,0.774,3.606,197.0,7
L2-2026-01,PKM-015,OBT-013,78,0,0.0,4.327,48.6,78
L2-2026-01,PKM-015,OBT-014,24,16,0.667,8.654,26.7,8
L2-2026-01,PKM-015,OBT-015,7,0,0.0,3.606,72.0,7
L2-2026-01,PKM-015,OBT-016,14,0,0.0,1.803,51.0,14
L2-2026-01,PKM-015,OBT-017,8,8,1.0,1.803,225.0,0
L2-2026-01,PKM-015,OBT-024,14,14,1.0,1.803,144.0,0
L2-2026-01,PKM-015,OBT-028,2,2,1.0,1.803,120.0,0
L2-2026-01,PKM-016,OBT-001,30,30,1.0,3.43,101.5,0
L2-2026-01,PKM-016,OBT-002,4,4,1.0,2.858,120.0,0
L2-2026-01,PKM-016,OBT-003,19,19,1.0,2.858,76.9,0
L2-2026-01,PKM-016,OBT-004,262,262,1.0,4.821,43.6,0
L2-2026-01,PKM-016,OBT-005,43,19,0.442,2.511,22.7,24
L2-2026-01,PKM-016,OBT-006,43,33,0.767,2.511,34.1,10
L2-2026-01,PKM-016,OBT-007,2,0,0.0,4.287,60.0,2
L2-2026-01,PKM-016,OBT-008,38,26,0.684,2.858,100.0,12
L2-2026-01,PKM-016,OBT-009,24,13,0.542,2.858,90.0,11
L2-2026-01,PKM-016,OBT-010,2,0,0.0,4.287,120.0,2
L2-2026-01,PKM-016,OBT-011,10,0,0.0,10.29,0.0,10
L2-2026-01,PKM-016,OBT-012,53,53,1.0,6.86,34.6,0
L2-2026-01,PKM-016,OBT-013,53,53,1.0,3.668,56.1,0
L2-2026-01,PKM-016,OBT-014,13,9,0.692,2.858,57.3,4
L2-2026-01,PKM-016,OBT-015,6,6,1.0,5.717,36.0,0
L2-2026-01,PKM-016,OBT-016,12,12,1.0,3.43,36.0,0
L2-2026-01,PKM-016,OBT-017,36,0,0.0,1.753,23.2,36
L2-2026-01,PKM-016,OBT-018,28,16,0.571,2.858,50.0,12
L2-2026-01,PKM-016,OBT-021,28,22,0.786,2.858,87.5,6
L2-2026-01,PKM-016,OBT-022,10,6,0.6,2.858,75.0,4
L2-2026-01,PKM-016,OBT-023,5,4,0.8,1.429,97.5,1
L2-2026-01,PKM-016,OBT-024,32,32,1.0,2.806,35.4,0
L2-2026-01,PKM-016,OBT-025,28,28,1.0,2.858,95.0,0
L2-2026-01,PKM-016,OBT-026,16,7,0.438,1.429,60.0,9
L2-2026-01,PKM-016,OBT-027,20,11,0.55,1.429,65.3,9
L2-2026-01,PKM-016,OBT-028,2,0,0.0,1.429,30.0,2
L2-2026-01,PKM-017,OBT-001,19,19,1.0,3.036,150.0,0
L2-2026-01,PKM-017,OBT-002,3,3,1.0,3.036,165.0,0
L2-2026-01,PKM-017,OBT-003,10,10,1.0,3.036,112.5,0
L2-2026-01,PKM-017,OBT-004,78,78,1.0,3.036,135.0,0
L2-2026-01,PKM-017,OBT-005,11,11,1.0,1.518,170.0,0
L2-2026-01,PKM-017,OBT-006,11,11,1.0,1.518,170.0,0
L2-2026-01,PKM-017,OBT-007,2,0,0.0,4.554,60.0,2
L2-2026-01,PKM-017,OBT-008,25,17,0.68,3.036,88.5,8
L2-2026-01,PKM-017,OBT-009,16,8,0.5,3.036,78.5,8
L2-2026-01,PKM-017,OBT-010,2,0,0.0,4.554,60.0,2
L2-2026-01,PKM-017,OBT-013,31,31,1.0,3.036,81.6,0
L2-2026-01,PKM-017,OBT-014,8,6,0.75,3.036,90.0,2
L2-2026-01,PKM-017,OBT-015,5,5,1.0,3.036,75.0,0
L2-2026-01,PKM-017,OBT-016,9,9,1.0,1.518,77.1,0
L2-2026-01,PKM-017,OBT-017,5,5,1.0,1.518,412.5,0
L2-2026-01,PKM-017,OBT-024,19,19,1.0,1.518,76.0,0
L2-2026-01,PKM-017,OBT-025,30,30,1.0,3.036,67.5,0
L2-2026-01,PKM-017,OBT-028,2,2,1.0,1.518,120.0,0
L2-2026-01,PKM-018,OBT-001,112,0,0.0,3.772,30.7,112
L2-2026-01,PKM-018,OBT-002,15,0,0.0,3.772,32.7,15
L2-2026-01,PKM-018,OBT-003,32,32,1.0,3.772,99.6,0
L2-2026-01,PKM-018,OBT-004,233,233,1.0,6.55,46.3,0
L2-2026-01,PKM-018,OBT-005,29,29,1.0,4.526,39.5,0
L2-2026-01,PKM-018,OBT-006,29,29,1.0,4.526,39.5,0
L2-2026-01,PKM-018,OBT-007,3,3,1.0,5.657,75.0,0
L2-2026-01,PKM-018,OBT-008,18,18,1.0,3.772,115.7,0
L2-2026-01,PKM-018,OBT-009,16,16,1.0,3.772,105.0,0
L2-2026-01,PKM-018,OBT-010,2,2,1.0,5.657,90.0,0
L2-2026-01,PKM-018,OBT-013,32,32,1.0,4.526,105.6,0
L2-2026-01,PKM-018,OBT-014,8,8,1.0,3.772,150.0,0
L2-2026-01,PKM-018,OBT-015,7,1,0.143,3.772,54.0,6
L2-2026-01,PKM-018,OBT-016,13,1,0.077,1.886,57.0,12
L2-2026-01,PKM-018,OBT-017,8,8,1.0,1.886,170.0,0
L2-2026-01,PKM-018,OBT-024,20,20,1.0,2.137,66.0,0
L2-2026-01,PKM-018,OBT-025,31,31,1.0,3.772,98.8,0
L2-2026-01,PKM-019,OBT-001,43,43,1.0,3.712,74.5,0
L2-2026-01,PKM-019,OBT-002,6,6,1.0,3.712,82.5,0
L2-2026-01,PKM-019,OBT-003,49,49,1.0,5.667,55.0,0
L2-2026-01,PKM-019,OBT-004,207,207,1.0,3.712,77.0,0
L2-2026-01,PKM-019,OBT-005,25,11,0.44,1.856,93.3,14
L2-2026-01,PKM-019,OBT-006,25,20,0.8,1.856,108.3,5
L2-2026-01,PKM-019,OBT-008,70,48,0.686,3.712,60.0,22
L2-2026-01,PKM-019,OBT-009,37,37,1.0,8.908,41.1,0
L2-2026-01,PKM-019,OBT-012,49,38,0.776,3.712,63.3,11
L2-2026-01,PKM-019,OBT-013,79,79,1.0,8.908,40.9,0
L2-2026-01,PKM-019,OBT-014,15,15,1.0,8.908,40.9,0
L2-2026-01,PKM-019,OBT-015,3,3,1.0,3.712,375.0,0
L2-2026-01,PKM-019,OBT-016,6,6,1.0,1.856,382.5,0
L2-2026-01,PKM-019,OBT-017,17,17,1.0,1.856,105.0,0
L2-2026-01,PKM-019,OBT-021,33,26,0.788,3.712,62.5,7
L2-2026-01,PKM-019,OBT-022,14,9,0.643,3.712,66.0,5
L2-2026-01,PKM-019,OBT-023,6,5,0.833,1.856,127.5,1
L2-2026-01,PKM-019,OBT-024,68,68,1.0,4.454,40.8,0
L2-2026-01,PKM-019,OBT-025,24,24,1.0,3.712,127.1,0
L2-2026-01,PKM-019,OBT-026,7,7,1.0,1.856,96.0,0
L2-2026-01,PKM-019,OBT-027,9,9,1.0,2.165,70.0,0
L2-2026-01,PKM-019,OBT-028,3,0,0.0,1.856,60.0,3
L2-2026-01,PKM-020,OBT-001,29,0,0.0,5.992,85.5,29
L2-2026-01,PKM-020,OBT-002,3,0,0.0,5.992,120.0,3
L2-2026-01,PKM-020,OBT-003,17,0,0.0,5.992,47.5,17
L2-2026-01,PKM-020,OBT-004,33,0,0.0,5.992,266.1,33
L2-2026-01,PKM-020,OBT-013,20,0,0.0,5.992,60.0,20
L2-2026-01,PKM-020,OBT-015,5,0,0.0,5.992,40.0,5
L2-2026-01,PKM-020,OBT-016,10,0,0.0,2.996,30.0,10
L2-2026-01,PKM-020,OBT-017,6,0,0.0,2.996,165.0,6
L2-2026-01,PKM-020,OBT-024,41,0,0.0,3.305,26.9,41
L2-2026-01,PKM-020,OBT-025,34,0,0.0,5.992,30.0,34
L2-2026-01,PKM-020,OBT-028,2,0,0.0,5.992,0.0,2
L2-2026-01,PKM-021,OBT-001,69,69,1.0,3.617,76.5,0
L2-2026-01,PKM-021,OBT-002,9,9,1.0,4.822,65.0,0
L2-2026-01,PKM-021,OBT-003,26,26,1.0,3.617,99.5,0
L2-2026-01,PKM-021,OBT-004,273,273,1.0,5.63,53.6,0
L2-2026-01,PKM-021,OBT-005,41,18,0.439,2.23,41.0,23
L2-2026-01,PKM-021,OBT-006,41,32,0.78,1.808,68.0,9
L2-2026-01,PKM-021,OBT-008,15,15,1.0,3.617,133.6,0
L2-2026-01,PKM-021,OBT-009,11,11,1.0,3.617,112.5,0
L2-2026-01,PKM-021,OBT-013,62,62,1.0,4.34,92.6,0
L2-2026-01,PKM-021,OBT-014,17,11,0.647,3.617,82.5,6
L2-2026-01,PKM-021,OBT-015,7,7,1.0,8.68,42.0,0
L2-2026-01,PKM-021,OBT-016,13,13,1.0,3.418,46.7,0
L2-2026-01,PKM-021,OBT-017,25,25,1.0,1.808,76.7,0
L2-2026-01,PKM-021,OBT-022,13,8,0.615,3.617,106.7,5
L2-2026-01,PKM-021,OBT-023,9,7,0.778,1.808,80.0,2
L2-2026-01,PKM-021,OBT-024,30,30,1.0,1.808,102.3,0
L2-2026-01,PKM-021,OBT-026,10,5,0.5,1.808,81.4,5
L2-2026-01,PKM-021,OBT-027,11,7,0.636,1.808,71.2,4
L2-2026-01,PKM-021,OBT-028,2,2,1.0,1.808,120.0,0
L2-2026-01,PKM-022,OBT-001,72,72,1.0,3.032,66.7,0
L2-2026-01,PKM-022,OBT-002,10,0,0.0,3.032,30.0,10
L2-2026-01,PKM-022,OBT-003,22,22,1.0,3.032,82.1,0
L2-2026-01,PKM-022,OBT-004,326,0,0.0,3.639,75.3,326
L2-2026-01,PKM-022,OBT-005,52,23,0.442,1.819,99.3,29
L2-2026-01,PKM-022,OBT-006,52,40,0.769,1.819,110.7,12
L2-2026-01,PKM-022,OBT-007,3,3,1.0,4.548,75.0,0
L2-2026-01,PKM-022,OBT-008,21,21,1.0,3.032,120.0,0
L2-2026-01,PKM-022,OBT-009,18,9,0.5,3.032,92.0,9
L2-2026-01,PKM-022,OBT-010,2,2,1.0,4.548,150.0,0
L2-2026-01,PKM-022,OBT-013,32,32,1.0,3.639,70.7,0
L2-2026-01,PKM-022,OBT-014,7,5,0.714,3.032,75.0,2
L2-2026-01,PKM-022,OBT-015,6,0,0.0,3.032,30.0,6
L2-2026-01,PKM-022,OBT-016,12,0,0.0,1.516,36.0,12
L2-2026-01,PKM-022,OBT-017,15,15,1.0,1.516,189.2,0
L2-2026-01,PKM-022,OBT-019,35,35,1.0,4.548,65.0,0
L2-2026-01,PKM-022,OBT-020,11,9,0.818,3.032,73.3,2
L2-2026-01,PKM-022,OBT-022,7,5,0.714,3.032,65.0,2
L2-2026-01,PKM-022,OBT-023,5,4,0.8,1.895,52.5,1
L2-2026-01,PKM-022,OBT-024,23,23,1.0,1.516,93.0,0
L2-2026-01,PKM-022,OBT-025,28,28,1.0,3.032,65.0,0
L2-2026-01,PKM-022,OBT-026,5,5,1.0,1.516,352.5,0
L2-2026-01,PKM-022,OBT-027,5,5,1.0,1.516,412.5,0
L2-2026-01,PKM-022,OBT-028,2,2,1.0,1.516,180.0,0
L2-2026-01,PKM-022,OBT-029,28,17,0.607,3.032,51.2,11
L2-2026-01,PKM-022,OBT-030,11,8,0.727,3.032,113.3,3
L2-2026-01,PKM-023,OBT-001,78,49,0.628,3.963,88.6,29
L2-2026-01,PKM-023,OBT-002,10,6,0.6,3.963,90.0,4
L2-2026-01,PKM-023,OBT-003,20,20,1.0,3.963,234.4,0
L2-2026-01,PKM-023,OBT-004,140,116,0.829,3.963,105.4,24
L2-2026-01,PKM-023,OBT-005,17,17,1.0,1.981,152.1,0
L2-2026-01,PKM-023,OBT-006,17,14,0.824,1.981,145.7,3
L2-2026-01,PKM-023,OBT-007,2,0,0.0,5.944,180.0,2
L2-2026-01,PKM-023,OBT-013,31,31,1.0,3.963,78.0,0
L2-2026-01,PKM-023,OBT-014,9,6,0.667,3.963,68.6,3
L2-2026-01,PKM-023,OBT-015,14,0,0.0,3.963,32.7,14
L2-2026-01,PKM-023,OBT-016,27,0,0.0,1.981,32.7,27
L2-2026-01,PKM-023,OBT-017,32,32,1.0,3.566,51.9,0
L2-2026-01,PKM-023,OBT-024,13,13,1.0,1.981,156.0,0
L2-2026-01,PKM-023,OBT-026,9,4,0.444,1.981,47.1,5
L2-2026-01,PKM-023,OBT-027,10,6,0.6,1.981,52.5,4
L2-2026-01,PKM-023,OBT-028,2,2,1.0,1.981,90.0,0
L2-2026-01,PKM-024,OBT-001,59,59,1.0,14.4,45.4,0
L2-2026-01,PKM-024,OBT-002,8,8,1.0,14.4,48.0,0
L2-2026-01,PKM-024,OBT-003,30,30,1.0,11.4,48.0,0
L2-2026-01,PKM-024,OBT-004,167,167,1.0,11.36,48.4,0
L2-2026-01,PKM-024,OBT-005,20,20,1.0,3.92,66.9,0
L2-2026-01,PKM-024,OBT-006,20,20,1.0,3.92,66.9,0
L2-2026-01,PKM-024,OBT-007,2,2,1.0,9.0,90.0,0
L2-2026-01,PKM-024,OBT-011,8,8,1.0,14.4,60.0,0
L2-2026-01,PKM-024,OBT-012,44,44,1.0,6.0,75.5,0
L2-2026-01,PKM-024,OBT-013,38,38,1.0,10.8,51.6,0
L2-2026-01,PKM-024,OBT-014,9,9,1.0,6.0,75.0,0
L2-2026-01,PKM-024,OBT-017,20,20,1.0,4.15,64.6,0
L2-2026-01,PKM-024,OBT-018,36,36,1.0,14.4,45.0,0
L2-2026-01,PKM-024,OBT-024,23,23,1.0,6.0,46.0,0
L2-2026-01,PKM-024,OBT-025,36,36,1.0,6.0,75.0,0
L2-2026-01,PKM-024,OBT-026,11,11,1.0,6.0,47.1,0
L2-2026-01,PKM-024,OBT-027,12,12,1.0,5.25,52.5,0
L2-2026-01,PKM-024,OBT-028,3,3,1.0,6.0,45.0,0
L2-2026-01,PKM-025,OBT-001,11,11,1.0,2.881,343.3,0
L2-2026-01,PKM-025,OBT-002,2,2,1.0,2.881,390.0,0
L2-2026-01,PKM-025,OBT-003,7,7,1.0,2.881,190.0,0
L2-2026-01,PKM-025,OBT-004,141,141,1.0,2.881,81.9,0
L2-2026-01,PKM-025,OBT-005,25,11,0.44,1.44,67.1,14
L2-2026-01,PKM-025,OBT-006,25,20,0.8,1.44,80.0,5
L2-2026-01,PKM-025,OBT-008,32,22,0.688,2.881,114.4,10
L2-2026-01,PKM-025,OBT-009,20,10,0.5,2.881,127.1,10
L2-2026-01,PKM-025,OBT-010,2,2,1.0,4.321,180.0,0
L2-2026-01,PKM-025,OBT-011,12,4,0.333,4.321,84.0,8
L2-2026-01,PKM-025,OBT-012,73,56,0.767,2.881,93.3,17
L2-2026-01,PKM-025,OBT-013,35,35,1.0,2.881,81.0,0
L2-2026-01,PKM-025,OBT-014,7,5,0.714,2.881,85.0,2
L2-2026-01,PKM-025,OBT-015,4,4,1.0,2.881,110.0,0
L2-2026-01,PKM-025,OBT-016,7,7,1.0,1.44,100.0,0
L2-2026-01,PKM-025,OBT-017,24,24,1.0,1.44,78.0,0
L2-2026-01,PKM-025,OBT-022,7,5,0.714,2.881,65.0,2
L2-2026-01,PKM-025,OBT-023,4,3,0.75,1.44,60.0,1
L2-2026-01,PKM-025,OBT-024,29,29,1.0,1.44,97.2,0
L2-2026-01,PKM-025,OBT-025,28,28,1.0,2.881,95.0,0
L2-2026-01,PKM-025,OBT-026,11,5,0.455,1.44,63.3,6
L2-2026-01,PKM-025,OBT-027,13,8,0.615,1.44,68.2,5
L2-2026-01,PKM-025,OBT-028,3,0,0.0,1.44,30.0,3
L2-2026-01,PKM-026,OBT-001,18,18,1.0,2.98,92.1,0
L2-2026-01,PKM-026,OBT-002,3,3,1.0,2.98,90.0,0
L2-2026-01,PKM-026,OBT-003,11,11,1.0,2.98,90.0,0
L2-2026-01,PKM-026,OBT-004,173,173,1.0,4.172,67.0,0
L2-2026-01,PKM-026,OBT-005,30,14,0.467,1.788,73.8,16
L2-2026-01,PKM-026,OBT-006,30,23,0.767,1.49,107.5,7
L2-2026-01,PKM-026,OBT-007,2,2,1.0,4.47,180.0,0
L2-2026-01,PKM-026,OBT-008,16,16,1.0,3.576,223.8,0
L2-2026-01,PKM-026,OBT-009,10,10,1.0,2.98,225.0,0
L2-2026-01,PKM-026,OBT-010,2,2,1.0,4.47,180.0,0
L2-2026-01,PKM-026,OBT-011,7,7,1.0,4.47,84.0,0
L2-2026-01,PKM-026,OBT-012,38,29,0.763,2.98,61.9,9
L2-2026-01,PKM-026,OBT-013,44,44,1.0,2.98,85.0,0
L2-2026-01,PKM-026,OBT-014,9,6,0.667,2.98,120.0,3
L2-2026-01,PKM-026,OBT-015,9,0,0.0,2.98,47.1,9
L2-2026-01,PKM-026,OBT-016,16,0,0.0,1.49,64.6,16
L2-2026-01,PKM-026,OBT-017,30,0,0.0,1.49,63.8,30
L2-2026-01,PKM-026,OBT-018,30,17,0.567,2.98,51.2,13
L2-2026-01,PKM-026,OBT-022,18,11,0.611,3.835,45.0,7
L2-2026-01,PKM-026,OBT-023,9,7,0.778,1.49,68.6,2
L2-2026-01,PKM-026,OBT-024,38,38,1.0,1.788,86.1,0
L2-2026-01,PKM-026,OBT-025,39,39,1.0,3.725,59.1,0
L2-2026-01,PKM-026,OBT-026,11,5,0.455,1.49,76.7,6
L2-2026-01,PKM-026,OBT-027,14,8,0.571,1.49,92.7,6
L2-2026-01,PKM-026,OBT-028,2,0,0.0,1.49,180.0,2
L2-2026-01,PKM-026,OBT-029,20,12,0.6,2.98,71.2,8
L2-2026-01,PKM-026,OBT-030,15,11,0.733,3.974,47.5,4
L2-2026-01,PKM-027,OBT-001,59,59,1.0,5.289,116.2,0
L2-2026-01,PKM-027,OBT-002,8,8,1.0,5.289,102.0,0
L2-2026-01,PKM-027,OBT-003,15,15,1.0,5.289,471.0,0
L2-2026-01,PKM-027,OBT-004,219,219,1.0,7.104,64.7,0
L2-2026-01,PKM-027,OBT-005,33,33,1.0,4.204,57.3,0
L2-2026-01,PKM-027,OBT-006,33,33,1.0,4.204,57.3,0
L2-2026-01,PKM-027,OBT-007,2,0,0.0,7.933,240.0,2
L2-2026-01,PKM-027,OBT-008,17,17,1.0,5.289,125.5,0
L2-2026-01,PKM-027,OBT-009,15,15,1.0,5.289,123.0,0
L2-2026-01,PKM-027,OBT-011,5,0,0.0,7.933,80.0,5
L2-2026-01,PKM-027,OBT-012,32,32,1.0,5.289,112.9,0
L2-2026-01,PKM-027,OBT-013,38,38,1.0,9.308,52.8,0
L2-2026-01,PKM-027,OBT-014,9,9,1.0,7.933,60.0,0
L2-2026-01,PKM-027,OBT-015,9,9,1.0,8.814,55.0,0
L2-2026-01,PKM-027,OBT-016,17,17,1.0,4.09,60.0,0
L2-2026-01,PKM-027,OBT-017,35,35,1.0,4.486,54.8,0
L2-2026-01,PKM-027,OBT-021,36,28,0.778,5.289,95.0,8
L2-2026-01,PKM-027,OBT-024,23,23,1.0,2.644,146.0,0
L2-2026-01,PKM-027,OBT-026,14,14,1.0,4.116,60.0,0
L2-2026-01,PKM-027,OBT-027,17,17,1.0,4.328,57.3,0
L2-2026-01,PKM-027,OBT-028,2,2,1.0,2.644,120.0,0
L2-2026-01,PKM-028,OBT-001,42,42,1.0,3.089,61.7,0
L2-2026-01,PKM-028,OBT-002,5,5,1.0,2.783,67.5,0
L2-2026-01,PKM-028,OBT-003,33,33,1.0,5.167,39.6,0
L2-2026-01,PKM-028,OBT-004,212,212,1.0,2.783,65.9,0
L2-2026-01,PKM-028,OBT-005,29,13,0.448,1.392,58.8,16
L2-2026-01,PKM-028,OBT-006,29,23,0.793,1.392,70.8,6
L2-2026-01,PKM-028,OBT-007,3,0,0.0,8.349,0.0,3
L2-2026-01,PKM-028,OBT-008,33,23,0.697,3.34,91.1,10
L2-2026-01,PKM-028,OBT-009,20,10,0.5,2.783,82.9,10
L2-2026-01,PKM-028,OBT-010,2,0,0.0,4.175,90.0,2
L2-2026-01,PKM-028,OBT-011,7,0,0.0,4.175,135.0,7
L2-2026-01,PKM-028,OBT-012,38,29,0.763,2.783,171.8,9
L2-2026-01,PKM-028,OBT-013,31,31,1.0,2.783,66.7,0
L2-2026-01,PKM-028,OBT-014,7,5,0.714,2.783,105.0,2
L2-2026-01,PKM-028,OBT-015,2,2,1.0,2.783,600.0,0
L2-2026-01,PKM-028,OBT-016,4,4,1.0,1.392,400.0,0
L2-2026-01,PKM-028,OBT-017,23,23,1.0,1.392,90.0,0
L2-2026-01,PKM-028,OBT-019,35,0,0.0,4.175,60.0,35
L2-2026-01,PKM-028,OBT-020,15,11,0.733,2.783,66.9,4
L2-2026-01,PKM-028,OBT-024,21,21,1.0,1.392,100.0,0
L2-2026-01,PKM-028,OBT-026,12,6,0.5,1.392,81.0,6
L2-2026-01,PKM-028,OBT-027,15,9,0.6,1.392,80.8,6
L2-2026-01,PKM-028,OBT-028,2,0,0.0,1.392,60.0,2
L2-2026-01,PKM-028,OBT-029,15,9,0.6,2.783,140.8,6
L2-2026-01,PKM-028,OBT-030,14,10,0.714,2.783,65.0,4
L2-2026-01,PKM-029,OBT-001,28,28,1.0,3.975,97.1,0
L2-2026-01,PKM-029,OBT-002,4,4,1.0,3.975,70.0,0
L2-2026-01,PKM-029,OBT-003,15,15,1.0,3.975,84.5,0
L2-2026-01,PKM-029,OBT-004,216,185,0.856,3.975,129.6,31
L2-2026-01,PKM-029,OBT-005,36,16,0.444,1.988,127.8,20
L2-2026-01,PKM-029,OBT-006,36,28,0.778,1.988,141.1,8
L2-2026-01,PKM-029,OBT-007,2,0,0.0,5.963,60.0,2
L2-2026-01,PKM-029,OBT-008,29,29,1.0,3.975,100.9,0
L2-2026-01,PKM-029,OBT-009,20,10,0.5,3.975,68.0,10
L2-2026-01,PKM-029,OBT-010,2,0,0.0,5.963,60.0,2
L2-2026-01,PKM-029,OBT-011,7,0,0.0,5.963,66.0,7
L2-2026-01,PKM-029,OBT-012,38,30,0.789,3.975,98.3,8
L2-2026-01,PKM-029,OBT-013,87,0,0.0,4.572,25.5,87
L2-2026-01,PKM-029,OBT-014,21,14,0.667,3.975,67.5,7
L2-2026-01,PKM-029,OBT-015,8,8,1.0,4.771,150.0,0
L2-2026-01,PKM-029,OBT-016,18,18,1.0,4.771,41.5,0
L2-2026-01,PKM-029,OBT-017,29,29,1.0,1.988,73.6,0
L2-2026-01,PKM-029,OBT-018,32,19,0.594,3.975,68.8,13
L2-2026-01,PKM-029,OBT-022,7,6,0.857,3.975,102.0,1
L2-2026-01,PKM-029,OBT-023,4,4,1.0,1.988,100.0,0
L2-2026-01,PKM-029,OBT-024,53,53,1.0,3.035,54.0,0
L2-2026-01,PKM-029,OBT-025,32,32,1.0,7.951,40.0,0
L2-2026-01,PKM-029,OBT-026,11,11,1.0,3.975,41.2,0
L2-2026-01,PKM-029,OBT-027,14,14,1.0,3.777,45.0,0
L2-2026-01,PKM-029,OBT-028,2,2,1.0,1.988,120.0,0
L2-2026-01,PKM-030,OBT-001,51,51,1.0,3.791,59.3,0
L2-2026-01,PKM-030,OBT-002,7,7,1.0,3.591,66.0,0
L2-2026-01,PKM-030,OBT-003,26,26,1.0,3.851,58.6,0
L2-2026-01,PKM-030,OBT-004,210,210,1.0,2.993,85.2,0
L2-2026-01,PKM-030,OBT-005,30,14,0.467,1.496,85.0,16
L2-2026-01,PKM-030,OBT-006,30,23,0.767,1.496,85.0,7
L2-2026-01,PKM-030,OBT-007,2,2,1.0,8.979,60.0,0
L2-2026-01,PKM-030,OBT-008,24,21,0.875,2.993,102.6,3
L2-2026-01,PKM-030,OBT-009,17,9,0.529,2.993,80.8,8
L2-2026-01,PKM-030,OBT-010,2,2,1.0,4.489,120.0,0
L2-2026-01,PKM-030,OBT-011,7,7,1.0,4.489,102.0,0
L2-2026-01,PKM-030,OBT-012,36,28,0.778,2.993,96.2,8
L2-2026-01,PKM-030,OBT-013,67,0,0.0,3.661,23.3,67
L2-2026-01,PKM-030,OBT-014,12,8,0.667,2.993,100.0,4
L2-2026-01,PKM-030,OBT-017,40,0,0.0,1.496,71.2,40
L2-2026-01,PKM-030,OBT-018,30,17,0.567,2.993,81.2,13
L2-2026-01,PKM-030,OBT-019,38,38,1.0,4.489,98.0,0
L2-2026-01,PKM-030,OBT-020,15,11,0.733,2.993,87.5,4
L2-2026-01,PKM-030,OBT-021,30,23,0.767,2.993,88.8,7
L2-2026-01,PKM-030,OBT-022,7,5,0.714,2.993,72.0,2
L2-2026-01,PKM-030,OBT-023,4,3,0.75,1.496,60.0,1
L2-2026-01,PKM-030,OBT-024,70,70,1.0,3.208,43.9,0
L2-2026-01,PKM-030,OBT-025,29,29,1.0,2.993,178.7,0
L2-2026-01,PKM-030,OBT-026,23,10,0.435,1.496,86.7,13
L2-2026-01,PKM-030,OBT-027,26,15,0.577,1.496,92.9,11
L2-2026-01,PKM-030,OBT-028,3,2,0.667,2.245,45.0,1
