facility_id,forecast_period,drug_id,forecast_demand,buffer_pct,buffer_units,total_requirement,current_stock,demand_lower,demand_upper,is_mock
PKM-001,2026-01-01,OBT-001,39,0.5,20,59,50,31,49,True
PKM-001,2026-01-01,OBT-002,5,0.5,3,8,6,4,6,True
PKM-001,2026-01-01,OBT-003,28,0.5,14,42,14,22,35,True
PKM-001,2026-01-01,OBT-004,144,0.5,72,216,36,115,180,True
PKM-001,2026-01-01,OBT-005,18,0.5,9,27,0,14,22,True
PKM-001,2026-01-01,OBT-006,18,0.5,9,27,0,14,22,True
PKM-001,2026-01-01,OBT-007,2,0.5,1,3,2,2,2,True
PKM-001,2026-01-01,OBT-008,21,0.5,11,32,32,17,26,True
PKM-001,2026-01-01,OBT-009,13,0.5,7,20,13,10,16,True
PKM-001,2026-01-01,OBT-010,1,0.5,1,2,1,1,1,True
PKM-001,2026-01-01,OBT-011,5,0.5,3,8,3,4,6,True
PKM-001,2026-01-01,OBT-012,32,0.5,16,48,20,26,40,True
PKM-001,2026-01-01,OBT-013,27,0.5,14,41,0,22,34,True
PKM-001,2026-01-01,OBT-014,6,0.5,3,9,0,5,8,True
PKM-001,2026-01-01,OBT-015,4,0.5,2,6,0,3,5,True
PKM-001,2026-01-01,OBT-016,9,0.5,5,14,0,7,11,True
PKM-001,2026-01-01,OBT-017,31,0.5,16,47,0,25,39,True
PKM-001,2026-01-01,OBT-018,0,0.5,0,0,48,0,0,True
PKM-001,2026-01-01,OBT-019,0,0.5,0,0,2,0,0,True
PKM-001,2026-01-01,OBT-020,0,0.5,0,0,2,0,0,True
PKM-001,2026-01-01,OBT-021,0,0.5,0,0,2,0,0,True
PKM-001,2026-01-01,OBT-022,9,0.5,5,14,10,7,11,True
PKM-001,2026-01-01,OBT-023,4,0.5,2,6,6,3,5,True
PKM-001,2026-01-01,OBT-024,20,0.5,10,30,13,16,25,True
PKM-001,2026-01-01,OBT-025,9,0.5,5,14,48,7,11,True
PKM-001,2026-01-01,OBT-026,14,0.5,7,21,0,11,18,True
PKM-001,2026-01-01,OBT-027,17,0.5,9,26,0,14,21,True
PKM-001,2026-01-01,OBT-028,1,0.5,1,2,0,1,1,True
PKM-001,2026-01-01,OBT-029,0,0.5,0,0,2,0,0,True
PKM-001,2026-01-01,OBT-030,0,0.5,0,0,2,0,0,True
PKM-002,2026-01-01,OBT-001,49,0.238,12,61,75,39,61,True
PKM-002,2026-01-01,OBT-002,6,0.238,2,8,10,5,8,True
PKM-002,2026-01-01,OBT-003,17,0.238,5,22,29,14,21,True
PKM-002,2026-01-01,OBT-004,161,0.238,39,200,96,129,201,True
PKM-002,2026-01-01,OBT-005,23,0.238,6,29,27,18,29,True
PKM-002,2026-01-01,OBT-006,23,0.238,6,29,27,18,29,True
PKM-002,2026-01-01,OBT-007,1,0.238,1,2,2,1,1,True
PKM-002,2026-01-01,OBT-008,12,0.238,3,15,34,10,15,True
PKM-002,2026-01-01,OBT-009,9,0.238,3,12,26,7,11,True
PKM-002,2026-01-01,OBT-010,0,0.238,0,0,2,0,0,True
PKM-002,2026-01-01,OBT-011,4,0.238,1,5,4,3,5,True
PKM-002,2026-01-01,OBT-012,24,0.238,6,30,26,19,30,True
PKM-002,2026-01-01,OBT-013,16,0.238,4,20,80,13,20,True
PKM-002,2026-01-01,OBT-014,0,0.238,0,0,22,0,0,True
PKM-002,2026-01-01,OBT-015,3,0.238,1,4,8,2,4,True
PKM-002,2026-01-01,OBT-016,7,0.238,2,9,16,6,9,True
PKM-002,2026-01-01,OBT-017,23,0.238,6,29,63,18,29,True
PKM-002,2026-01-01,OBT-018,24,0.238,6,30,48,19,30,True
PKM-002,2026-01-01,OBT-019,0,0.238,0,0,60,0,0,True
PKM-002,2026-01-01,OBT-020,0,0.238,0,0,22,0,0,True
PKM-002,2026-01-01,OBT-021,24,0.238,6,30,48,19,30,True
PKM-002,2026-01-01,OBT-022,3,0.238,1,4,15,2,4,True
PKM-002,2026-01-01,OBT-023,2,0.238,1,3,9,2,2,True
PKM-002,2026-01-01,OBT-024,33,0.238,8,41,76,26,41,True
PKM-002,2026-01-01,OBT-025,24,0.238,6,30,48,19,30,True
PKM-002,2026-01-01,OBT-026,10,0.238,3,13,35,8,12,True
PKM-002,2026-01-01,OBT-027,13,0.238,4,17,42,10,16,True
PKM-002,2026-01-01,OBT-028,1,0.238,1,2,2,1,1,True
PKM-002,2026-01-01,OBT-029,0,0.238,0,0,2,0,0,True
PKM-002,2026-01-01,OBT-030,0,0.238,0,0,2,0,0,True
PKM-003,2026-01-01,OBT-001,34,0.139,5,39,48,27,42,True
PKM-003,2026-01-01,OBT-002,4,0.139,1,5,6,3,5,True
PKM-003,2026-01-01,OBT-003,36,0.139,6,42,19,29,45,True
PKM-003,2026-01-01,OBT-004,216,0.139,31,247,420,173,270,True
PKM-003,2026-01-01,OBT-005,30,0.139,5,35,72,24,38,True
PKM-003,2026-01-01,OBT-006,30,0.139,5,35,72,24,38,True
PKM-003,2026-01-01,OBT-007,2,0.139,1,3,1,2,2,True
PKM-003,2026-01-01,OBT-008,35,0.139,5,40,63,28,44,True
PKM-003,2026-01-01,OBT-009,19,0.139,3,22,37,15,24,True
PKM-003,2026-01-01,OBT-010,1,0.139,1,2,3,1,1,True
PKM-003,2026-01-01,OBT-011,6,0.139,1,7,6,5,8,True
PKM-003,2026-01-01,OBT-012,36,0.139,6,42,30,29,45,True
PKM-003,2026-01-01,OBT-013,60,0.139,9,69,29,48,75,True
PKM-003,2026-01-01,OBT-014,17,0.139,3,20,5,14,21,True
PKM-003,2026-01-01,OBT-015,2,0.139,1,3,7,2,2,True
PKM-003,2026-01-01,OBT-016,4,0.139,1,5,14,3,5,True
PKM-003,2026-01-01,OBT-017,22,0.139,4,26,34,18,28,True
PKM-003,2026-01-01,OBT-018,24,0.139,4,28,48,19,30,True
PKM-003,2026-01-01,OBT-019,0,0.139,0,0,60,0,0,True
PKM-003,2026-01-01,OBT-020,0,0.139,0,0,24,0,0,True
PKM-003,2026-01-01,OBT-021,24,0.139,4,28,72,19,30,True
PKM-003,2026-01-01,OBT-022,7,0.139,1,8,12,6,9,True
PKM-003,2026-01-01,OBT-023,3,0.139,1,4,3,2,4,True
PKM-003,2026-01-01,OBT-024,22,0.139,4,26,26,18,28,True
PKM-003,2026-01-01,OBT-025,36,0.139,6,42,72,29,45,True
PKM-003,2026-01-01,OBT-026,10,0.139,2,12,14,8,12,True
PKM-003,2026-01-01,OBT-027,13,0.139,2,15,17,10,16,True
PKM-003,2026-01-01,OBT-028,1,0.139,1,2,2,1,1,True
PKM-003,2026-01-01,OBT-029,0,0.139,0,0,76,0,0,True
PKM-003,2026-01-01,OBT-030,0,0.139,0,0,42,0,0,True
PKM-004,2026-01-01,OBT-001,45,0.457,21,66,19,36,56,True
PKM-004,2026-01-01,OBT-002,6,0.457,3,9,3,5,8,True
PKM-004,2026-01-01,OBT-003,20,0.457,10,30,5,16,25,True
PKM-004,2026-01-01,OBT-004,62,0.457,29,91,204,50,78,True
PKM-004,2026-01-01,OBT-005,4,0.457,2,6,36,3,5,True
PKM-004,2026-01-01,OBT-006,4,0.457,2,6,36,3,5,True
PKM-004,2026-01-01,OBT-007,0,0.457,0,0,0,0,0,True
PKM-004,2026-01-01,OBT-008,35,0.457,16,51,26,28,44,True
PKM-004,2026-01-01,OBT-009,25,0.457,12,37,13,20,31,True
PKM-004,2026-01-01,OBT-010,0,0.457,0,0,0,0,0,True
PKM-004,2026-01-01,OBT-011,0,0.457,0,0,0,0,0,True
PKM-004,2026-01-01,OBT-012,27,0.457,13,40,28,22,34,True
PKM-004,2026-01-01,OBT-013,18,0.457,9,27,17,14,22,True
PKM-004,2026-01-01,OBT-014,6,0.457,3,9,6,5,8,True
PKM-004,2026-01-01,OBT-015,4,0.457,2,6,7,3,5,True
PKM-004,2026-01-01,OBT-016,8,0.457,4,12,11,6,10,True
PKM-004,2026-01-01,OBT-017,18,0.457,9,27,16,14,22,True
PKM-004,2026-01-01,OBT-018,0,0.457,0,0,72,0,0,True
PKM-004,2026-01-01,OBT-019,0,0.457,0,0,0,0,0,True
PKM-004,2026-01-01,OBT-020,0,0.457,0,0,2,0,0,True
PKM-004,2026-01-01,OBT-021,0,0.457,0,0,2,0,0,True
PKM-004,2026-01-01,OBT-022,6,0.457,3,9,0,5,8,True
PKM-004,2026-01-01,OBT-023,3,0.457,2,5,0,2,4,True
PKM-004,2026-01-01,OBT-024,0,0.457,0,0,26,0,0,True
PKM-004,2026-01-01,OBT-025,24,0.457,11,35,24,19,30,True
PKM-004,2026-01-01,OBT-026,7,0.457,4,11,7,6,9,True
PKM-004,2026-01-01,OBT-027,8,0.457,4,12,9,6,10,True
PKM-004,2026-01-01,OBT-028,0,0.457,0,0,2,0,0,True
PKM-004,2026-01-01,OBT-029,20,0.457,10,30,0,16,25,True
PKM-004,2026-01-01,OBT-030,10,0.457,5,15,0,8,12,True
PKM-005,2026-01-01,OBT-001,51,0.5,26,77,0,41,64,True
PKM-005,2026-01-01,OBT-002,6,0.5,3,9,0,5,8,True
PKM-005,2026-01-01,OBT-003,32,0.5,16,48,0,26,40,True
PKM-005,2026-01-01,OBT-004,106,0.5,53,159,0,85,132,True
PKM-005,2026-01-01,OBT-005,9,0.5,5,14,9,7,11,True
PKM-005,2026-01-01,OBT-006,9,0.5,5,14,9,7,11,True
PKM-005,2026-01-01,OBT-007,0,0.5,0,0,0,0,0,True
PKM-005,2026-01-01,OBT-008,6,0.5,3,9,12,5,8,True
PKM-005,2026-01-01,OBT-009,4,0.5,2,6,13,3,5,True
PKM-005,2026-01-01,OBT-010,0,0.5,0,0,0,0,0,True
PKM-005,2026-01-01,OBT-011,0,0.5,0,0,0,0,0,True
PKM-005,2026-01-01,OBT-012,62,0.5,31,93,18,50,78,True
PKM-005,2026-01-01,OBT-013,35,0.5,18,53,0,28,44,True
PKM-005,2026-01-01,OBT-014,8,0.5,4,12,0,6,10,True
PKM-005,2026-01-01,OBT-015,5,0.5,3,8,10,4,6,True
PKM-005,2026-01-01,OBT-016,10,0.5,5,15,19,8,12,True
PKM-005,2026-01-01,OBT-017,17,0.5,9,26,0,14,21,True
PKM-005,2026-01-01,OBT-018,0,0.5,0,0,8,0,0,True
PKM-005,2026-01-01,OBT-019,0,0.5,0,0,0,0,0,True
PKM-005,2026-01-01,OBT-020,0,0.5,0,0,24,0,0,True
PKM-005,2026-01-01,OBT-021,48,0.5,24,72,0,38,60,True
PKM-005,2026-01-01,OBT-022,0,0.5,0,0,10,0,0,True
PKM-005,2026-01-01,OBT-023,0,0.5,0,0,6,0,0,True
PKM-005,2026-01-01,OBT-024,20,0.5,10,30,0,16,25,True
PKM-005,2026-01-01,OBT-025,17,0.5,9,26,48,14,21,True
PKM-005,2026-01-01,OBT-026,6,0.5,3,9,0,5,8,True
PKM-005,2026-01-01,OBT-027,8,0.5,4,12,0,6,10,True
PKM-005,2026-01-01,OBT-028,2,0.5,1,3,0,2,2,True
PKM-005,2026-01-01,OBT-029,0,0.5,0,0,2,0,0,True
PKM-005,2026-01-01,OBT-030,0,0.5,0,0,2,0,0,True
PKM-006,2026-01-01,OBT-001,31,0.46,15,46,0,25,39,True
PKM-006,2026-01-01,OBT-002,4,0.46,2,6,0,3,5,True
PKM-006,2026-01-01,OBT-003,33,0.46,16,49,0,26,41,True
PKM-006,2026-01-01,OBT-004,163,0.46,75,238,0,130,204,True
PKM-006,2026-01-01,OBT-005,21,0.46,10,31,0,17,26,True
PKM-006,2026-01-01,OBT-006,21,0.46,10,31,0,17,26,True
PKM-006,2026-01-01,OBT-007,0,0.46,0,0,0,0,0,True
PKM-006,2026-01-01,OBT-008,37,0.46,18,55,84,30,46,True
PKM-006,2026-01-01,OBT-009,20,0.46,10,30,51,16,25,True
PKM-006,2026-01-01,OBT-010,0,0.46,0,0,0,0,0,True
PKM-006,2026-01-01,OBT-011,0,0.46,0,0,0,0,0,True
PKM-006,2026-01-01,OBT-012,35,0.46,17,52,23,28,44,True
PKM-006,2026-01-01,OBT-013,39,0.46,18,57,4,31,49,True
PKM-006,2026-01-01,OBT-014,11,0.46,6,17,6,9,14,True
PKM-006,2026-01-01,OBT-015,2,0.46,1,3,16,2,2,True
PKM-006,2026-01-01,OBT-016,4,0.46,2,6,32,3,5,True
PKM-006,2026-01-01,OBT-017,25,0.46,12,37,0,20,31,True
PKM-006,2026-01-01,OBT-018,0,0.46,0,0,48,0,0,True
PKM-006,2026-01-01,OBT-019,0,0.46,0,0,0,0,0,True
PKM-006,2026-01-01,OBT-020,0,0.46,0,0,2,0,0,True
PKM-006,2026-01-01,OBT-021,0,0.46,0,0,48,0,0,True
PKM-006,2026-01-01,OBT-022,0,0.46,0,0,6,0,0,True
PKM-006,2026-01-01,OBT-023,0,0.46,0,0,3,0,0,True
PKM-006,2026-01-01,OBT-024,14,0.46,7,21,39,11,18,True
PKM-006,2026-01-01,OBT-025,0,0.46,0,0,24,0,0,True
PKM-006,2026-01-01,OBT-026,12,0.46,6,18,0,10,15,True
PKM-006,2026-01-01,OBT-027,15,0.46,7,22,0,12,19,True
PKM-006,2026-01-01,OBT-028,1,0.46,1,2,1,1,1,True
PKM-006,2026-01-01,OBT-029,0,0.46,0,0,2,0,0,True
PKM-006,2026-01-01,OBT-030,0,0.46,0,0,2,0,0,True
PKM-007,2026-01-01,OBT-001,55,0.227,13,68,270,44,69,True
PKM-007,2026-01-01,OBT-002,7,0.227,2,9,34,6,9,True
PKM-007,2026-01-01,OBT-003,20,0.227,5,25,87,16,25,True
PKM-007,2026-01-01,OBT-004,232,0.227,53,285,327,186,290,True
PKM-007,2026-01-01,OBT-005,35,0.227,8,43,117,28,44,True
PKM-007,2026-01-01,OBT-006,35,0.227,8,43,54,28,44,True
PKM-007,2026-01-01,OBT-007,2,0.227,1,3,6,2,2,True
PKM-007,2026-01-01,OBT-008,38,0.227,9,47,40,30,48,True
PKM-007,2026-01-01,OBT-009,29,0.227,7,36,50,23,36,True
PKM-007,2026-01-01,OBT-010,2,0.227,1,3,2,2,2,True
PKM-007,2026-01-01,OBT-011,0,0.227,0,0,10,0,0,True
PKM-007,2026-01-01,OBT-012,0,0.227,0,0,60,0,0,True
PKM-007,2026-01-01,OBT-013,29,0.227,7,36,33,23,36,True
PKM-007,2026-01-01,OBT-014,6,0.227,2,8,9,5,8,True
PKM-007,2026-01-01,OBT-015,4,0.227,1,5,5,3,5,True
PKM-007,2026-01-01,OBT-016,7,0.227,2,9,5,6,9,True
PKM-007,2026-01-01,OBT-017,42,0.227,10,52,70,34,52,True
PKM-007,2026-01-01,OBT-018,0,0.227,0,0,96,0,0,True
PKM-007,2026-01-01,OBT-019,0,0.227,0,0,60,0,0,True
PKM-007,2026-01-01,OBT-020,0,0.227,0,0,21,0,0,True
PKM-007,2026-01-01,OBT-021,0,0.227,0,0,48,0,0,True
PKM-007,2026-01-01,OBT-022,5,0.227,2,7,17,4,6,True
PKM-007,2026-01-01,OBT-023,3,0.227,1,4,6,2,4,True
PKM-007,2026-01-01,OBT-024,22,0.227,5,27,32,18,28,True
PKM-007,2026-01-01,OBT-025,24,0.227,6,30,120,19,30,True
PKM-007,2026-01-01,OBT-026,21,0.227,5,26,42,17,26,True
PKM-007,2026-01-01,OBT-027,25,0.227,6,31,50,20,31,True
PKM-007,2026-01-01,OBT-028,2,0.227,1,3,0,2,2,True
PKM-007,2026-01-01,OBT-029,0,0.227,0,0,38,0,0,True
PKM-007,2026-01-01,OBT-030,0,0.227,0,0,22,0,0,True
PKM-008,2026-01-01,OBT-001,9,0.325,3,12,67,7,11,True
PKM-008,2026-01-01,OBT-002,1,0.325,1,2,9,1,1,True
PKM-008,2026-01-01,OBT-003,6,0.325,2,8,30,5,8,True
PKM-008,2026-01-01,OBT-004,181,0.325,59,240,210,145,226,True
PKM-008,2026-01-01,OBT-005,32,0.325,11,43,63,26,40,True
PKM-008,2026-01-01,OBT-006,32,0.325,11,43,63,26,40,True
PKM-008,2026-01-01,OBT-007,0,0.325,0,0,3,0,0,True
PKM-008,2026-01-01,OBT-008,30,0.325,10,40,5,24,38,True
PKM-008,2026-01-01,OBT-009,19,0.325,7,26,13,15,24,True
PKM-008,2026-01-01,OBT-010,1,0.325,1,2,1,1,1,True
PKM-008,2026-01-01,OBT-011,5,0.325,2,7,14,4,6,True
PKM-008,2026-01-01,OBT-012,31,0.325,11,42,80,25,39,True
PKM-008,2026-01-01,OBT-013,31,0.325,11,42,23,25,39,True
PKM-008,2026-01-01,OBT-014,7,0.325,3,10,6,6,9,True
PKM-008,2026-01-01,OBT-015,6,0.325,2,8,14,5,8,True
PKM-008,2026-01-01,OBT-016,13,0.325,5,18,28,10,16,True
PKM-008,2026-01-01,OBT-017,8,0.325,3,11,54,6,10,True
PKM-008,2026-01-01,OBT-018,24,0.325,8,32,24,19,30,True
PKM-008,2026-01-01,OBT-019,0,0.325,0,0,60,0,0,True
PKM-008,2026-01-01,OBT-020,0,0.325,0,0,22,0,0,True
PKM-008,2026-01-01,OBT-021,0,0.325,0,0,48,0,0,True
PKM-008,2026-01-01,OBT-022,12,0.325,4,16,22,10,15,True
PKM-008,2026-01-01,OBT-023,6,0.325,2,8,6,5,8,True
PKM-008,2026-01-01,OBT-024,20,0.325,7,27,13,16,25,True
PKM-008,2026-01-01,OBT-025,0,0.325,0,0,72,0,0,True
PKM-008,2026-01-01,OBT-026,0,0.325,0,0,27,0,0,True
PKM-008,2026-01-01,OBT-027,0,0.325,0,0,31,0,0,True
PKM-008,2026-01-01,OBT-028,1,0.325,1,2,0,1,1,True
PKM-008,2026-01-01,OBT-029,0,0.325,0,0,40,0,0,True
PKM-008,2026-01-01,OBT-030,0,0.325,0,0,24,0,0,True
PKM-009,2026-01-01,OBT-001,45,0.467,22,67,0,36,56,True
PKM-009,2026-01-01,OBT-002,6,0.467,3,9,0,5,8,True
PKM-009,2026-01-01,OBT-003,39,0.467,19,58,0,31,49,True
PKM-009,2026-01-01,OBT-004,115,0.467,54,169,48,92,144,True
PKM-009,2026-01-01,OBT-005,9,0.467,5,14,27,7,11,True
PKM-009,2026-01-01,OBT-006,9,0.467,5,14,27,7,11,True
PKM-009,2026-01-01,OBT-007,2,0.467,1,3,1,2,2,True
PKM-009,2026-01-01,OBT-008,22,0.467,11,33,41,18,28,True
PKM-009,2026-01-01,OBT-009,13,0.467,7,20,24,10,16,True
PKM-009,2026-01-01,OBT-010,1,0.467,1,2,3,1,1,True
PKM-009,2026-01-01,OBT-011,0,0.467,0,0,0,0,0,True
PKM-009,2026-01-01,OBT-012,0,0.467,0,0,0,0,0,True
PKM-009,2026-01-01,OBT-013,20,0.467,10,30,11,16,25,True
PKM-009,2026-01-01,OBT-014,6,0.467,3,9,6,5,8,True
PKM-009,2026-01-01,OBT-015,3,0.467,2,5,0,2,4,True
PKM-009,2026-01-01,OBT-016,5,0.467,3,8,1,4,6,True
PKM-009,2026-01-01,OBT-017,22,0.467,11,33,0,18,28,True
PKM-009,2026-01-01,OBT-018,0,0.467,0,0,48,0,0,True
PKM-009,2026-01-01,OBT-019,0,0.467,0,0,60,0,0,True
PKM-009,2026-01-01,OBT-020,0,0.467,0,0,20,0,0,True
PKM-009,2026-01-01,OBT-021,0,0.467,0,0,2,0,0,True
PKM-009,2026-01-01,OBT-022,0,0.467,0,0,12,0,0,True
PKM-009,2026-01-01,OBT-023,0,0.467,0,0,6,0,0,True
PKM-009,2026-01-01,OBT-024,4,0.467,2,6,13,3,5,True
PKM-009,2026-01-01,OBT-025,0,0.467,0,0,48,0,0,True
PKM-009,2026-01-01,OBT-026,10,0.467,5,15,0,8,12,True
PKM-009,2026-01-01,OBT-027,13,0.467,7,20,0,10,16,True
PKM-009,2026-01-01,OBT-028,0,0.467,0,0,2,0,0,True
PKM-009,2026-01-01,OBT-029,0,0.467,0,0,2,0,0,True
PKM-009,2026-01-01,OBT-030,0,0.467,0,0,2,0,0,True
PKM-010,2026-01-01,OBT-001,33,0.224,8,41,73,26,41,True
PKM-010,2026-01-01,OBT-002,4,0.224,1,5,8,3,5,True
PKM-010,2026-01-01,OBT-003,13,0.224,3,16,17,10,16,True
PKM-010,2026-01-01,OBT-004,219,0.224,50,269,0,175,274,True
PKM-010,2026-01-01,OBT-005,36,0.224,9,45,4,29,45,True
PKM-010,2026-01-01,OBT-006,36,0.224,9,45,27,29,45,True
PKM-010,2026-01-01,OBT-007,1,0.224,1,2,1,1,1,True
PKM-010,2026-01-01,OBT-008,5,0.224,2,7,76,4,6,True
PKM-010,2026-01-01,OBT-009,4,0.224,1,5,50,3,5,True
PKM-010,2026-01-01,OBT-010,0,0.224,0,0,4,0,0,True
PKM-010,2026-01-01,OBT-011,0,0.224,0,0,8,0,0,True
PKM-010,2026-01-01,OBT-012,0,0.224,0,0,50,0,0,True
PKM-010,2026-01-01,OBT-013,39,0.224,9,48,44,31,49,True
PKM-010,2026-01-01,OBT-014,9,0.224,3,12,5,7,11,True
PKM-010,2026-01-01,OBT-015,5,0.224,2,7,1,4,6,True
PKM-010,2026-01-01,OBT-016,10,0.224,3,13,4,8,12,True
PKM-010,2026-01-01,OBT-017,35,0.224,8,43,0,28,44,True
PKM-010,2026-01-01,OBT-018,24,0.224,6,30,24,19,30,True
PKM-010,2026-01-01,OBT-019,30,0.224,7,37,60,24,38,True
PKM-010,2026-01-01,OBT-020,10,0.224,3,13,18,8,12,True
PKM-010,2026-01-01,OBT-021,24,0.224,6,30,48,19,30,True
PKM-010,2026-01-01,OBT-022,4,0.224,1,5,22,3,5,True
PKM-010,2026-01-01,OBT-023,2,0.224,1,3,12,2,2,True
PKM-010,2026-01-01,OBT-024,26,0.224,6,32,0,21,32,True
PKM-010,2026-01-01,OBT-025,33,0.224,8,41,36,26,41,True
PKM-010,2026-01-01,OBT-026,16,0.224,4,20,0,13,20,True
PKM-010,2026-01-01,OBT-027,19,0.224,5,24,0,15,24,True
PKM-010,2026-01-01,OBT-028,1,0.224,1,2,1,1,1,True
PKM-010,2026-01-01,OBT-029,0,0.224,0,0,34,0,0,True
PKM-010,2026-01-01,OBT-030,0,0.224,0,0,22,0,0,True
PKM-011,2026-01-01,OBT-001,112,0.354,40,152,352,90,140,True
PKM-011,2026-01-01,OBT-002,14,0.354,5,19,45,11,18,True
PKM-011,2026-01-01,OBT-003,79,0.354,28,107,139,63,99,True
PKM-011,2026-01-01,OBT-004,261,0.354,93,354,348,209,326,True
PKM-011,2026-01-01,OBT-005,23,0.354,9,32,13,18,29,True
PKM-011,2026-01-01,OBT-006,23,0.354,9,32,13,18,29,True
PKM-011,2026-01-01,OBT-007,0,0.354,0,0,0,0,0,True
PKM-011,2026-01-01,OBT-008,25,0.354,9,34,12,20,31,True
PKM-011,2026-01-01,OBT-009,15,0.354,6,21,13,12,19,True
PKM-011,2026-01-01,OBT-010,0,0.354,0,0,0,0,0,True
PKM-011,2026-01-01,OBT-011,0,0.354,0,0,0,0,0,True
PKM-011,2026-01-01,OBT-012,32,0.354,12,44,118,26,40,True
PKM-011,2026-01-01,OBT-013,31,0.354,11,42,17,25,39,True
PKM-011,2026-01-01,OBT-014,6,0.354,3,9,6,5,8,True
PKM-011,2026-01-01,OBT-015,2,0.354,1,3,8,2,2,True
PKM-011,2026-01-01,OBT-016,4,0.354,2,6,5,3,5,True
PKM-011,2026-01-01,OBT-017,15,0.354,6,21,13,12,19,True
PKM-011,2026-01-01,OBT-018,24,0.354,9,33,24,19,30,True
PKM-011,2026-01-01,OBT-019,0,0.354,0,0,0,0,0,True
PKM-011,2026-01-01,OBT-020,0,0.354,0,0,28,0,0,True
PKM-011,2026-01-01,OBT-021,0,0.354,0,0,48,0,0,True
PKM-011,2026-01-01,OBT-022,0,0.354,0,0,26,0,0,True
PKM-011,2026-01-01,OBT-023,0,0.354,0,0,11,0,0,True
PKM-011,2026-01-01,OBT-024,28,0.354,10,38,0,22,35,True
PKM-011,2026-01-01,OBT-025,41,0.354,15,56,36,33,51,True
PKM-011,2026-01-01,OBT-026,7,0.354,3,10,4,6,9,True
PKM-011,2026-01-01,OBT-027,8,0.354,3,11,8,6,10,True
PKM-011,2026-01-01,OBT-028,1,0.354,1,2,2,1,1,True
PKM-011,2026-01-01,OBT-029,0,0.354,0,0,36,0,0,True
PKM-011,2026-01-01,OBT-030,0,0.354,0,0,26,0,0,True
PKM-012,2026-01-01,OBT-001,22,0.213,5,27,24,18,28,True
PKM-012,2026-01-01,OBT-002,3,0.213,1,4,2,2,4,True
PKM-012,2026-01-01,OBT-003,6,0.213,2,8,12,5,8,True
PKM-012,2026-01-01,OBT-004,148,0.213,32,180,0,118,185,True
PKM-012,2026-01-01,OBT-005,25,0.213,6,31,0,20,31,True
PKM-012,2026-01-01,OBT-006,25,0.213,6,31,0,20,31,True
PKM-012,2026-01-01,OBT-007,1,0.213,1,2,2,1,1,True
PKM-012,2026-01-01,OBT-008,19,0.213,5,24,38,15,24,True
PKM-012,2026-01-01,OBT-009,17,0.213,4,21,26,14,21,True
PKM-012,2026-01-01,OBT-010,1,0.213,1,2,2,1,1,True
PKM-012,2026-01-01,OBT-011,0,0.213,0,0,10,0,0,True
PKM-012,2026-01-01,OBT-012,0,0.213,0,0,58,0,0,True
PKM-012,2026-01-01,OBT-013,23,0.213,5,28,45,18,29,True
PKM-012,2026-01-01,OBT-014,6,0.213,2,8,16,5,8,True
PKM-012,2026-01-01,OBT-015,5,0.213,2,7,14,4,6,True
PKM-012,2026-01-01,OBT-016,10,0.213,3,13,29,8,12,True
PKM-012,2026-01-01,OBT-017,29,0.213,7,36,37,23,36,True
PKM-012,2026-01-01,OBT-018,24,0.213,6,30,48,19,30,True
PKM-012,2026-01-01,OBT-019,0,0.213,0,0,60,0,0,True
PKM-012,2026-01-01,OBT-020,0,0.213,0,0,18,0,0,True
PKM-012,2026-01-01,OBT-021,0,0.213,0,0,48,0,0,True
PKM-012,2026-01-01,OBT-022,4,0.213,1,5,25,3,5,True
PKM-012,2026-01-01,OBT-023,3,0.213,1,4,10,2,4,True
PKM-012,2026-01-01,OBT-024,10,0.213,3,13,26,8,12,True
PKM-012,2026-01-01,OBT-025,0,0.213,0,0,144,0,0,True
PKM-012,2026-01-01,OBT-026,13,0.213,3,16,14,10,16,True
PKM-012,2026-01-01,OBT-027,15,0.213,4,19,17,12,19,True
PKM-012,2026-01-01,OBT-028,3,0.213,1,4,0,2,4,True
PKM-012,2026-01-01,OBT-029,0,0.213,0,0,2,0,0,True
PKM-012,2026-01-01,OBT-030,0,0.213,0,0,2,0,0,True
PKM-013,2026-01-01,OBT-001,15,0.148,3,18,58,12,19,True
PKM-013,2026-01-01,OBT-002,2,0.148,1,3,8,2,2,True
PKM-013,2026-01-01,OBT-003,12,0.148,2,14,26,10,15,True
PKM-013,2026-01-01,OBT-004,135,0.148,20,155,336,108,169,True
PKM-013,2026-01-01,OBT-005,21,0.148,4,25,63,17,26,True
PKM-013,2026-01-01,OBT-006,21,0.148,4,25,63,17,26,True
PKM-013,2026-01-01,OBT-007,1,0.148,1,2,3,1,1,True
PKM-013,2026-01-01,OBT-008,61,0.148,10,71,44,49,76,True
PKM-013,2026-01-01,OBT-009,36,0.148,6,42,37,29,45,True
PKM-013,2026-01-01,OBT-010,2,0.148,1,3,1,2,2,True
PKM-013,2026-01-01,OBT-011,6,0.148,1,7,6,5,8,True
PKM-013,2026-01-01,OBT-012,33,0.148,5,38,35,26,41,True
PKM-013,2026-01-01,OBT-013,16,0.148,3,19,68,13,20,True
PKM-013,2026-01-01,OBT-014,0,0.148,0,0,22,0,0,True
PKM-013,2026-01-01,OBT-015,3,0.148,1,4,10,2,4,True
PKM-013,2026-01-01,OBT-016,6,0.148,1,7,19,5,8,True
PKM-013,2026-01-01,OBT-017,50,0.148,8,58,0,40,62,True
PKM-013,2026-01-01,OBT-018,0,0.148,0,0,96,0,0,True
PKM-013,2026-01-01,OBT-019,0,0.148,0,0,60,0,0,True
PKM-013,2026-01-01,OBT-020,0,0.148,0,0,28,0,0,True
PKM-013,2026-01-01,OBT-021,0,0.148,0,0,48,0,0,True
PKM-013,2026-01-01,OBT-022,14,0.148,3,17,18,11,18,True
PKM-013,2026-01-01,OBT-023,6,0.148,1,7,12,5,8,True
PKM-013,2026-01-01,OBT-024,33,0.148,5,38,76,26,41,True
PKM-013,2026-01-01,OBT-025,24,0.148,4,28,48,19,30,True
PKM-013,2026-01-01,OBT-026,26,0.148,4,30,0,21,32,True
PKM-013,2026-01-01,OBT-027,31,0.148,5,36,0,25,39,True
PKM-013,2026-01-01,OBT-028,2,0.148,1,3,2,2,2,True
PKM-013,2026-01-01,OBT-029,13,0.148,2,15,28,10,16,True
PKM-013,2026-01-01,OBT-030,12,0.148,2,14,24,10,15,True
PKM-014,2026-01-01,OBT-001,10,0.147,2,12,34,8,12,True
PKM-014,2026-01-01,OBT-002,1,0.147,1,2,4,1,1,True
PKM-014,2026-01-01,OBT-003,13,0.147,2,15,20,10,16,True
PKM-014,2026-01-01,OBT-004,132,0.147,20,152,144,106,165,True
PKM-014,2026-01-01,OBT-005,21,0.147,4,25,27,17,26,True
PKM-014,2026-01-01,OBT-006,21,0.147,4,25,27,17,26,True
PKM-014,2026-01-01,OBT-007,1,0.147,1,2,2,1,1,True
PKM-014,2026-01-01,OBT-008,33,0.147,5,38,44,26,41,True
PKM-014,2026-01-01,OBT-009,17,0.147,3,20,26,14,21,True
PKM-014,2026-01-01,OBT-010,1,0.147,1,2,2,1,1,True
PKM-014,2026-01-01,OBT-011,6,0.147,1,7,4,5,8,True
PKM-014,2026-01-01,OBT-012,37,0.147,6,43,25,30,46,True
PKM-014,2026-01-01,OBT-013,27,0.147,4,31,38,22,34,True
PKM-014,2026-01-01,OBT-014,4,0.147,1,5,16,3,5,True
PKM-014,2026-01-01,OBT-015,1,0.147,1,2,10,1,1,True
PKM-014,2026-01-01,OBT-016,3,0.147,1,4,22,2,4,True
PKM-014,2026-01-01,OBT-017,33,0.147,5,38,61,26,41,True
PKM-014,2026-01-01,OBT-018,48,0.147,8,56,0,38,60,True
PKM-014,2026-01-01,OBT-019,0,0.147,0,0,2,0,0,True
PKM-014,2026-01-01,OBT-020,0,0.147,0,0,2,0,0,True
PKM-014,2026-01-01,OBT-021,0,0.147,0,0,48,0,0,True
PKM-014,2026-01-01,OBT-022,14,0.147,3,17,0,11,18,True
PKM-014,2026-01-01,OBT-023,6,0.147,1,7,0,5,8,True
PKM-014,2026-01-01,OBT-024,31,0.147,5,36,52,25,39,True
PKM-014,2026-01-01,OBT-025,24,0.147,4,28,48,19,30,True
PKM-014,2026-01-01,OBT-026,18,0.147,3,21,28,14,22,True
PKM-014,2026-01-01,OBT-027,21,0.147,4,25,33,17,26,True
PKM-014,2026-01-01,OBT-028,2,0.147,1,3,2,2,2,True
PKM-014,2026-01-01,OBT-029,0,0.147,0,0,62,0,0,True
PKM-014,2026-01-01,OBT-030,0,0.147,0,0,14,0,0,True
PKM-015,2026-01-01,OBT-001,72,0.332,24,96,0,58,90,True
PKM-015,2026-01-01,OBT-002,9,0.332,3,12,2,7,11,True
PKM-015,2026-01-01,OBT-003,22,0.332,8,30,10,18,28,True
PKM-015,2026-01-01,OBT-004,166,0.332,56,222,48,133,208,True
PKM-015,2026-01-01,OBT-005,21,0.332,7,28,0,17,26,True
PKM-015,2026-01-01,OBT-006,21,0.332,7,28,4,17,26,True
PKM-015,2026-01-01,OBT-007,2,0.332,1,3,0,2,2,True
PKM-015,2026-01-01,OBT-008,0,0.332,0,0,56,0,0,True
PKM-015,2026-01-01,OBT-009,0,0.332,0,0,50,0,0,True
PKM-015,2026-01-01,OBT-010,0,0.332,0,0,1,0,0,True
PKM-015,2026-01-01,OBT-011,4,0.332,2,6,22,3,5,True
PKM-015,2026-01-01,OBT-012,23,0.332,8,31,127,18,29,True
PKM-015,2026-01-01,OBT-013,58,0.332,20,78,94,46,72,True
PKM-015,2026-01-01,OBT-014,18,0.332,6,24,0,14,22,True
PKM-015,2026-01-01,OBT-015,5,0.332,2,7,12,4,6,True
PKM-015,2026-01-01,OBT-016,10,0.332,4,14,17,8,12,True
PKM-015,2026-01-01,OBT-017,6,0.332,2,8,37,5,8,True
PKM-015,2026-01-01,OBT-018,0,0.332,0,0,48,0,0,True
PKM-015,2026-01-01,OBT-019,0,0.332,0,0,60,0,0,True
PKM-015,2026-01-01,OBT-020,0,0.332,0,0,26,0,0,True
PKM-015,2026-01-01,OBT-021,0,0.332,0,0,48,0,0,True
PKM-015,2026-01-01,OBT-022,0,0.332,0,0,22,0,0,True
PKM-015,2026-01-01,OBT-023,0,0.332,0,0,9,0,0,True
PKM-015,2026-01-01,OBT-024,10,0.332,4,14,34,8,12,True
PKM-015,2026-01-01,OBT-025,0,0.332,0,0,48,0,0,True
PKM-015,2026-01-01,OBT-026,0,0.332,0,0,28,0,0,True
PKM-015,2026-01-01,OBT-027,0,0.332,0,0,26,0,0,True
PKM-015,2026-01-01,OBT-028,1,0.332,1,2,2,1,1,True
PKM-015,2026-01-01,OBT-029,0,0.332,0,0,30,0,0,True
PKM-015,2026-01-01,OBT-030,0,0.332,0,0,24,0,0,True
PKM-016,2026-01-01,OBT-001,26,0.138,4,30,58,21,32,True
PKM-016,2026-01-01,OBT-002,3,0.138,1,4,8,2,4,True
PKM-016,2026-01-01,OBT-003,16,0.138,3,19,22,13,20,True
PKM-016,2026-01-01,OBT-004,230,0.138,32,262,72,184,288,True
PKM-016,2026-01-01,OBT-005,37,0.138,6,43,9,30,46,True
PKM-016,2026-01-01,OBT-006,37,0.138,6,43,9,30,46,True
PKM-016,2026-01-01,OBT-007,1,0.138,1,2,2,1,1,True
PKM-016,2026-01-01,OBT-008,33,0.138,5,38,84,26,41,True
PKM-016,2026-01-01,OBT-009,21,0.138,3,24,50,17,26,True
PKM-016,2026-01-01,OBT-010,1,0.138,1,2,4,1,1,True
PKM-016,2026-01-01,OBT-011,8,0.138,2,10,0,6,10,True
PKM-016,2026-01-01,OBT-012,46,0.138,7,53,0,37,58,True
PKM-016,2026-01-01,OBT-013,46,0.138,7,53,33,37,58,True
PKM-016,2026-01-01,OBT-014,11,0.138,2,13,12,9,14,True
PKM-016,2026-01-01,OBT-015,5,0.138,1,6,0,4,6,True
PKM-016,2026-01-01,OBT-016,10,0.138,2,12,0,8,12,True
PKM-016,2026-01-01,OBT-017,31,0.138,5,36,24,25,39,True
PKM-016,2026-01-01,OBT-018,24,0.138,4,28,24,19,30,True
PKM-016,2026-01-01,OBT-019,0,0.138,0,0,60,0,0,True
PKM-016,2026-01-01,OBT-020,0,0.138,0,0,21,0,0,True
PKM-016,2026-01-01,OBT-021,24,0.138,4,28,48,19,30,True
PKM-016,2026-01-01,OBT-022,8,0.138,2,10,14,6,10,True
PKM-016,2026-01-01,OBT-023,4,0.138,1,5,9,3,5,True
PKM-016,2026-01-01,OBT-024,28,0.138,4,32,1,22,35,True
PKM-016,2026-01-01,OBT-025,24,0.138,4,28,48,19,30,True
PKM-016,2026-01-01,OBT-026,14,0.138,2,16,21,11,18,True
PKM-016,2026-01-01,OBT-027,17,0.138,3,20,26,14,21,True
PKM-016,2026-01-01,OBT-028,1,0.138,1,2,1,1,1,True
PKM-016,2026-01-01,OBT-029,0,0.138,0,0,28,0,0,True
PKM-016,2026-01-01,OBT-030,0,0.138,0,0,24,0,0,True
PKM-017,2026-01-01,OBT-001,15,0.218,4,19,56,12,19,True
PKM-017,2026-01-01,OBT-002,2,0.218,1,3,8,2,2,True
PKM-017,2026-01-01,OBT-003,8,0.218,2,10,20,6,10,True
PKM-017,2026-01-01,OBT-004,64,0.218,14,78,210,51,80,True
PKM-017,2026-01-01,OBT-005,9,0.218,2,11,40,7,11,True
PKM-017,2026-01-01,OBT-006,9,0.218,2,11,40,7,11,True
PKM-017,2026-01-01,OBT-007,1,0.218,1,2,2,1,1,True
PKM-017,2026-01-01,OBT-008,20,0.218,5,25,42,16,25,True
PKM-017,2026-01-01,OBT-009,13,0.218,3,16,26,10,16,True
PKM-017,2026-01-01,OBT-010,1,0.218,1,2,2,1,1,True
PKM-017,2026-01-01,OBT-011,0,0.218,0,0,14,0,0,True
PKM-017,2026-01-01,OBT-012,0,0.218,0,0,80,0,0,True
PKM-017,2026-01-01,OBT-013,25,0.218,6,31,37,20,31,True
PKM-017,2026-01-01,OBT-014,6,0.218,2,8,12,5,8,True
PKM-017,2026-01-01,OBT-015,4,0.218,1,5,5,3,5,True
PKM-017,2026-01-01,OBT-016,7,0.218,2,9,9,6,9,True
PKM-017,2026-01-01,OBT-017,4,0.218,1,5,50,3,5,True
PKM-017,2026-01-01,OBT-018,0,0.218,0,0,48,0,0,True
PKM-017,2026-01-01,OBT-019,0,0.218,0,0,60,0,0,True
PKM-017,2026-01-01,OBT-020,0,0.218,0,0,22,0,0,True
PKM-017,2026-01-01,OBT-021,0,0.218,0,0,48,0,0,True
PKM-017,2026-01-01,OBT-022,0,0.218,0,0,32,0,0,True
PKM-017,2026-01-01,OBT-023,0,0.218,0,0,13,0,0,True
PKM-017,2026-01-01,OBT-024,15,0.218,4,19,19,12,19,True
PKM-017,2026-01-01,OBT-025,24,0.218,6,30,24,19,30,True
PKM-017,2026-01-01,OBT-026,0,0.218,0,0,28,0,0,True
PKM-017,2026-01-01,OBT-027,0,0.218,0,0,34,0,0,True
PKM-017,2026-01-01,OBT-028,1,0.218,1,2,2,1,1,True
PKM-017,2026-01-01,OBT-029,0,0.218,0,0,31,0,0,True
PKM-017,2026-01-01,OBT-030,0,0.218,0,0,26,0,0,True
PKM-018,2026-01-01,OBT-001,87,0.278,25,112,89,70,109,True
PKM-018,2026-01-01,OBT-002,11,0.278,4,15,12,9,14,True
PKM-018,2026-01-01,OBT-003,25,0.278,7,32,51,20,31,True
PKM-018,2026-01-01,OBT-004,182,0.278,51,233,48,146,228,True
PKM-018,2026-01-01,OBT-005,22,0.278,7,29,0,18,28,True
PKM-018,2026-01-01,OBT-006,22,0.278,7,29,0,18,28,True
PKM-018,2026-01-01,OBT-007,2,0.278,1,3,2,2,2,True
PKM-018,2026-01-01,OBT-008,14,0.278,4,18,36,11,18,True
PKM-018,2026-01-01,OBT-009,12,0.278,4,16,26,10,15,True
PKM-018,2026-01-01,OBT-010,1,0.278,1,2,1,1,1,True
PKM-018,2026-01-01,OBT-011,0,0.278,0,0,12,0,0,True
PKM-018,2026-01-01,OBT-012,0,0.278,0,0,68,0,0,True
PKM-018,2026-01-01,OBT-013,25,0.278,7,32,56,20,31,True
PKM-018,2026-01-01,OBT-014,6,0.278,2,8,22,5,8,True
PKM-018,2026-01-01,OBT-015,5,0.278,2,7,8,4,6,True
PKM-018,2026-01-01,OBT-016,10,0.278,3,13,18,8,12,True
PKM-018,2026-01-01,OBT-017,6,0.278,2,8,26,5,8,True
PKM-018,2026-01-01,OBT-018,0,0.278,0,0,96,0,0,True
PKM-018,2026-01-01,OBT-019,0,0.278,0,0,60,0,0,True
PKM-018,2026-01-01,OBT-020,0,0.278,0,0,25,0,0,True
PKM-018,2026-01-01,OBT-021,0,0.278,0,0,2,0,0,True
PKM-018,2026-01-01,OBT-022,0,0.278,0,0,12,0,0,True
PKM-018,2026-01-01,OBT-023,0,0.278,0,0,6,0,0,True
PKM-018,2026-01-01,OBT-024,15,0.278,5,20,13,12,19,True
PKM-018,2026-01-01,OBT-025,24,0.278,7,31,48,19,30,True
PKM-018,2026-01-01,OBT-026,0,0.278,0,0,14,0,0,True
PKM-018,2026-01-01,OBT-027,0,0.278,0,0,16,0,0,True
PKM-018,2026-01-01,OBT-028,0,0.278,0,0,4,0,0,True
PKM-018,2026-01-01,OBT-029,0,0.278,0,0,2,0,0,True
PKM-018,2026-01-01,OBT-030,0,0.278,0,0,2,0,0,True
PKM-019,2026-01-01,OBT-001,31,0.36,12,43,34,25,39,True
PKM-019,2026-01-01,OBT-002,4,0.36,2,6,5,3,5,True
PKM-019,2026-01-01,OBT-003,36,0.36,13,49,17,29,45,True
PKM-019,2026-01-01,OBT-004,152,0.36,55,207,183,122,190,True
PKM-019,2026-01-01,OBT-005,18,0.36,7,25,45,14,22,True
PKM-019,2026-01-01,OBT-006,18,0.36,7,25,45,14,22,True
PKM-019,2026-01-01,OBT-007,0,0.36,0,0,0,0,0,True
PKM-019,2026-01-01,OBT-008,51,0.36,19,70,54,41,64,True
PKM-019,2026-01-01,OBT-009,27,0.36,10,37,0,22,34,True
PKM-019,2026-01-01,OBT-010,0,0.36,0,0,0,0,0,True
PKM-019,2026-01-01,OBT-011,0,0.36,0,0,0,0,0,True
PKM-019,2026-01-01,OBT-012,36,0.36,13,49,38,29,45,True
PKM-019,2026-01-01,OBT-013,58,0.36,21,79,0,46,72,True
PKM-019,2026-01-01,OBT-014,11,0.36,4,15,0,9,14,True
PKM-019,2026-01-01,OBT-015,2,0.36,1,3,22,2,2,True
PKM-019,2026-01-01,OBT-016,4,0.36,2,6,45,3,5,True
PKM-019,2026-01-01,OBT-017,12,0.36,5,17,25,10,15,True
PKM-019,2026-01-01,OBT-018,0,0.36,0,0,48,0,0,True
PKM-019,2026-01-01,OBT-019,0,0.36,0,0,0,0,0,True
PKM-019,2026-01-01,OBT-020,0,0.36,0,0,20,0,0,True
PKM-019,2026-01-01,OBT-021,24,0.36,9,33,24,19,30,True
PKM-019,2026-01-01,OBT-022,10,0.36,4,14,13,8,12,True
PKM-019,2026-01-01,OBT-023,4,0.36,2,6,12,3,5,True
PKM-019,2026-01-01,OBT-024,50,0.36,18,68,0,40,62,True
PKM-019,2026-01-01,OBT-025,17,0.36,7,24,48,14,21,True
PKM-019,2026-01-01,OBT-026,5,0.36,2,7,9,4,6,True
PKM-019,2026-01-01,OBT-027,6,0.36,3,9,5,5,8,True
PKM-019,2026-01-01,OBT-028,2,0.36,1,3,4,2,2,True
PKM-019,2026-01-01,OBT-029,0,0.36,0,0,2,0,0,True
PKM-019,2026-01-01,OBT-030,0,0.36,0,0,2,0,0,True
PKM-020,2026-01-01,OBT-001,20,0.412,9,29,57,16,25,True
PKM-020,2026-01-01,OBT-002,2,0.412,1,3,8,2,2,True
PKM-020,2026-01-01,OBT-003,12,0.412,5,17,19,10,15,True
PKM-020,2026-01-01,OBT-004,23,0.412,10,33,204,18,29,True
PKM-020,2026-01-01,OBT-005,0,0.412,0,0,33,0,0,True
PKM-020,2026-01-01,OBT-006,0,0.412,0,0,36,0,0,True
PKM-020,2026-01-01,OBT-007,0,0.412,0,0,0,0,0,True
PKM-020,2026-01-01,OBT-008,0,0.412,0,0,44,0,0,True
PKM-020,2026-01-01,OBT-009,0,0.412,0,0,26,0,0,True
PKM-020,2026-01-01,OBT-010,0,0.412,0,0,0,0,0,True
PKM-020,2026-01-01,OBT-011,0,0.412,0,0,0,0,0,True
PKM-020,2026-01-01,OBT-012,0,0.412,0,0,72,0,0,True
PKM-020,2026-01-01,OBT-013,14,0.412,6,20,28,11,18,True
PKM-020,2026-01-01,OBT-014,0,0.412,0,0,12,0,0,True
PKM-020,2026-01-01,OBT-015,3,0.412,2,5,4,2,4,True
PKM-020,2026-01-01,OBT-016,7,0.412,3,10,7,6,9,True
PKM-020,2026-01-01,OBT-017,4,0.412,2,6,22,3,5,True
PKM-020,2026-01-01,OBT-018,0,0.412,0,0,2,0,0,True
PKM-020,2026-01-01,OBT-019,0,0.412,0,0,0,0,0,True
PKM-020,2026-01-01,OBT-020,0,0.412,0,0,2,0,0,True
PKM-020,2026-01-01,OBT-021,0,0.412,0,0,48,0,0,True
PKM-020,2026-01-01,OBT-022,0,0.412,0,0,12,0,0,True
PKM-020,2026-01-01,OBT-023,0,0.412,0,0,6,0,0,True
PKM-020,2026-01-01,OBT-024,29,0.412,12,41,26,23,36,True
PKM-020,2026-01-01,OBT-025,24,0.412,10,34,24,19,30,True
PKM-020,2026-01-01,OBT-026,0,0.412,0,0,21,0,0,True
PKM-020,2026-01-01,OBT-027,0,0.412,0,0,26,0,0,True
PKM-020,2026-01-01,OBT-028,1,0.412,1,2,0,1,1,True
PKM-020,2026-01-01,OBT-029,0,0.412,0,0,2,0,0,True
PKM-020,2026-01-01,OBT-030,0,0.412,0,0,2,0,0,True
PKM-021,2026-01-01,OBT-001,51,0.341,18,69,61,41,64,True
PKM-021,2026-01-01,OBT-002,6,0.341,3,9,4,5,8,True
PKM-021,2026-01-01,OBT-003,19,0.341,7,26,37,15,24,True
PKM-021,2026-01-01,OBT-004,203,0.341,70,273,90,162,254,True
PKM-021,2026-01-01,OBT-005,30,0.341,11,41,23,24,38,True
PKM-021,2026-01-01,OBT-006,30,0.341,11,41,36,24,38,True
PKM-021,2026-01-01,OBT-007,0,0.341,0,0,0,0,0,True
PKM-021,2026-01-01,OBT-008,11,0.341,4,15,34,9,14,True
PKM-021,2026-01-01,OBT-009,8,0.341,3,11,19,6,10,True
PKM-021,2026-01-01,OBT-010,0,0.341,0,0,0,0,0,True
PKM-021,2026-01-01,OBT-011,0,0.341,0,0,0,0,0,True
PKM-021,2026-01-01,OBT-012,0,0.341,0,0,72,0,0,True
PKM-021,2026-01-01,OBT-013,46,0.341,16,62,80,37,58,True
PKM-021,2026-01-01,OBT-014,12,0.341,5,17,22,10,15,True
PKM-021,2026-01-01,OBT-015,5,0.341,2,7,0,4,6,True
PKM-021,2026-01-01,OBT-016,9,0.341,4,13,1,7,11,True
PKM-021,2026-01-01,OBT-017,18,0.341,7,25,21,14,22,True
PKM-021,2026-01-01,OBT-018,0,0.341,0,0,48,0,0,True
PKM-021,2026-01-01,OBT-019,0,0.341,0,0,0,0,0,True
PKM-021,2026-01-01,OBT-020,0,0.341,0,0,24,0,0,True
PKM-021,2026-01-01,OBT-021,0,0.341,0,0,48,0,0,True
PKM-021,2026-01-01,OBT-022,9,0.341,4,13,24,7,11,True
PKM-021,2026-01-01,OBT-023,6,0.341,3,9,9,5,8,True
PKM-021,2026-01-01,OBT-024,22,0.341,8,30,45,18,28,True
PKM-021,2026-01-01,OBT-025,0,0.341,0,0,84,0,0,True
PKM-021,2026-01-01,OBT-026,7,0.341,3,10,14,6,9,True
PKM-021,2026-01-01,OBT-027,8,0.341,3,11,12,6,10,True
PKM-021,2026-01-01,OBT-028,1,0.341,1,2,2,1,1,True
PKM-021,2026-01-01,OBT-029,0,0.341,0,0,30,0,0,True
PKM-021,2026-01-01,OBT-030,0,0.341,0,0,24,0,0,True
PKM-022,2026-01-01,OBT-001,63,0.135,9,72,68,50,79,True
PKM-022,2026-01-01,OBT-002,8,0.135,2,10,8,6,10,True
PKM-022,2026-01-01,OBT-003,19,0.135,3,22,30,15,24,True
PKM-022,2026-01-01,OBT-004,287,0.135,39,326,720,230,359,True
PKM-022,2026-01-01,OBT-005,45,0.135,7,52,126,36,56,True
PKM-022,2026-01-01,OBT-006,45,0.135,7,52,126,36,56,True
PKM-022,2026-01-01,OBT-007,2,0.135,1,3,2,2,2,True
PKM-022,2026-01-01,OBT-008,18,0.135,3,21,51,14,22,True
PKM-022,2026-01-01,OBT-009,15,0.135,3,18,37,12,19,True
PKM-022,2026-01-01,OBT-010,1,0.135,1,2,3,1,1,True
PKM-022,2026-01-01,OBT-011,0,0.135,0,0,10,0,0,True
PKM-022,2026-01-01,OBT-012,0,0.135,0,0,66,0,0,True
PKM-022,2026-01-01,OBT-013,28,0.135,4,32,34,22,35,True
PKM-022,2026-01-01,OBT-014,6,0.135,1,7,10,5,8,True
PKM-022,2026-01-01,OBT-015,5,0.135,1,6,5,4,6,True
PKM-022,2026-01-01,OBT-016,10,0.135,2,12,12,8,12,True
PKM-022,2026-01-01,OBT-017,13,0.135,2,15,67,10,16,True
PKM-022,2026-01-01,OBT-018,0,0.135,0,0,48,0,0,True
PKM-022,2026-01-01,OBT-019,30,0.135,5,35,30,24,38,True
PKM-022,2026-01-01,OBT-020,9,0.135,2,11,13,7,11,True
PKM-022,2026-01-01,OBT-021,0,0.135,0,0,48,0,0,True
PKM-022,2026-01-01,OBT-022,6,0.135,1,7,8,5,8,True
PKM-022,2026-01-01,OBT-023,4,0.135,1,5,3,3,5,True
PKM-022,2026-01-01,OBT-024,20,0.135,3,23,39,16,25,True
PKM-022,2026-01-01,OBT-025,24,0.135,4,28,24,19,30,True
PKM-022,2026-01-01,OBT-026,4,0.135,1,5,42,3,5,True
PKM-022,2026-01-01,OBT-027,4,0.135,1,5,50,3,5,True
PKM-022,2026-01-01,OBT-028,1,0.135,1,2,4,1,1,True
PKM-022,2026-01-01,OBT-029,24,0.135,4,28,24,19,30,True
PKM-022,2026-01-01,OBT-030,9,0.135,2,11,26,7,11,True
PKM-023,2026-01-01,OBT-001,64,0.212,14,78,140,51,80,True
PKM-023,2026-01-01,OBT-002,8,0.212,2,10,18,6,10,True
PKM-023,2026-01-01,OBT-003,16,0.212,4,20,105,13,20,True
PKM-023,2026-01-01,OBT-004,115,0.212,25,140,288,92,144,True
PKM-023,2026-01-01,OBT-005,14,0.212,3,17,54,11,18,True
PKM-023,2026-01-01,OBT-006,14,0.212,3,17,54,11,18,True
PKM-023,2026-01-01,OBT-007,1,0.212,1,2,6,1,1,True
PKM-023,2026-01-01,OBT-008,0,0.212,0,0,100,0,0,True
PKM-023,2026-01-01,OBT-009,0,0.212,0,0,50,0,0,True
PKM-023,2026-01-01,OBT-010,0,0.212,0,0,4,0,0,True
PKM-023,2026-01-01,OBT-011,0,0.212,0,0,24,0,0,True
PKM-023,2026-01-01,OBT-012,0,0.212,0,0,146,0,0,True
PKM-023,2026-01-01,OBT-013,25,0.212,6,31,34,20,31,True
PKM-023,2026-01-01,OBT-014,7,0.212,2,9,10,6,9,True
PKM-023,2026-01-01,OBT-015,11,0.212,3,14,12,9,14,True
PKM-023,2026-01-01,OBT-016,22,0.212,5,27,24,18,28,True
PKM-023,2026-01-01,OBT-017,26,0.212,6,32,13,21,32,True
PKM-023,2026-01-01,OBT-018,0,0.212,0,0,48,0,0,True
PKM-023,2026-01-01,OBT-019,0,0.212,0,0,60,0,0,True
PKM-023,2026-01-01,OBT-020,0,0.212,0,0,24,0,0,True
PKM-023,2026-01-01,OBT-021,0,0.212,0,0,48,0,0,True
PKM-023,2026-01-01,OBT-022,0,0.212,0,0,14,0,0,True
PKM-023,2026-01-01,OBT-023,0,0.212,0,0,6,0,0,True
PKM-023,2026-01-01,OBT-024,10,0.212,3,13,39,8,12,True
PKM-023,2026-01-01,OBT-025,0,0.212,0,0,96,0,0,True
PKM-023,2026-01-01,OBT-026,7,0.212,2,9,7,6,9,True
PKM-023,2026-01-01,OBT-027,8,0.212,2,10,8,6,10,True
PKM-023,2026-01-01,OBT-028,1,0.212,1,2,1,1,1,True
PKM-023,2026-01-01,OBT-029,0,0.212,0,0,32,0,0,True
PKM-023,2026-01-01,OBT-030,0,0.212,0,0,26,0,0,True
PKM-024,2026-01-01,OBT-001,39,0.5,20,59,0,31,49,True
PKM-024,2026-01-01,OBT-002,5,0.5,3,8,0,4,6,True
PKM-024,2026-01-01,OBT-003,20,0.5,10,30,2,16,25,True
PKM-024,2026-01-01,OBT-004,111,0.5,56,167,12,89,139,True
PKM-024,2026-01-01,OBT-005,13,0.5,7,20,9,10,16,True
PKM-024,2026-01-01,OBT-006,13,0.5,7,20,9,10,16,True
PKM-024,2026-01-01,OBT-007,1,0.5,1,2,1,1,1,True
PKM-024,2026-01-01,OBT-008,0,0.5,0,0,50,0,0,True
PKM-024,2026-01-01,OBT-009,0,0.5,0,0,26,0,0,True
PKM-024,2026-01-01,OBT-010,0,0.5,0,0,2,0,0,True
PKM-024,2026-01-01,OBT-011,5,0.5,3,8,2,4,6,True
PKM-024,2026-01-01,OBT-012,29,0.5,15,44,29,23,36,True
PKM-024,2026-01-01,OBT-013,25,0.5,13,38,5,20,31,True
PKM-024,2026-01-01,OBT-014,6,0.5,3,9,6,5,8,True
PKM-024,2026-01-01,OBT-015,0,0.5,0,0,8,0,0,True
PKM-024,2026-01-01,OBT-016,0,0.5,0,0,16,0,0,True
PKM-024,2026-01-01,OBT-017,13,0.5,7,20,8,10,16,True
PKM-024,2026-01-01,OBT-018,24,0.5,12,36,0,19,30,True
PKM-024,2026-01-01,OBT-019,0,0.5,0,0,2,0,0,True
PKM-024,2026-01-01,OBT-020,0,0.5,0,0,2,0,0,True
PKM-024,2026-01-01,OBT-021,0,0.5,0,0,48,0,0,True
PKM-024,2026-01-01,OBT-022,0,0.5,0,0,10,0,0,True
PKM-024,2026-01-01,OBT-023,0,0.5,0,0,6,0,0,True
PKM-024,2026-01-01,OBT-024,15,0.5,8,23,0,12,19,True
PKM-024,2026-01-01,OBT-025,24,0.5,12,36,24,19,30,True
PKM-024,2026-01-01,OBT-026,7,0.5,4,11,0,6,9,True
PKM-024,2026-01-01,OBT-027,8,0.5,4,12,2,6,10,True
PKM-024,2026-01-01,OBT-028,2,0.5,1,3,0,2,2,True
PKM-024,2026-01-01,OBT-029,0,0.5,0,0,42,0,0,True
PKM-024,2026-01-01,OBT-030,0,0.5,0,0,20,0,0,True
PKM-025,2026-01-01,OBT-001,9,0.155,2,11,92,7,11,True
PKM-025,2026-01-01,OBT-002,1,0.155,1,2,11,1,1,True
PKM-025,2026-01-01,OBT-003,6,0.155,1,7,31,5,8,True
PKM-025,2026-01-01,OBT-004,122,0.155,19,141,192,98,152,True
PKM-025,2026-01-01,OBT-005,21,0.155,4,25,36,17,26,True
PKM-025,2026-01-01,OBT-006,21,0.155,4,25,36,17,26,True
PKM-025,2026-01-01,OBT-007,0,0.155,0,0,4,0,0,True
PKM-025,2026-01-01,OBT-008,27,0.155,5,32,81,22,34,True
PKM-025,2026-01-01,OBT-009,17,0.155,3,20,62,14,21,True
PKM-025,2026-01-01,OBT-010,1,0.155,1,2,4,1,1,True
PKM-025,2026-01-01,OBT-011,10,0.155,2,12,24,8,12,True
PKM-025,2026-01-01,OBT-012,63,0.155,10,73,140,50,79,True
PKM-025,2026-01-01,OBT-013,30,0.155,5,35,46,24,38,True
PKM-025,2026-01-01,OBT-014,6,0.155,1,7,12,5,8,True
PKM-025,2026-01-01,OBT-015,3,0.155,1,4,7,2,4,True
PKM-025,2026-01-01,OBT-016,6,0.155,1,7,13,5,8,True
PKM-025,2026-01-01,OBT-017,20,0.155,4,24,28,16,25,True
PKM-025,2026-01-01,OBT-018,0,0.155,0,0,48,0,0,True
PKM-025,2026-01-01,OBT-019,0,0.155,0,0,60,0,0,True
PKM-025,2026-01-01,OBT-020,0,0.155,0,0,22,0,0,True
PKM-025,2026-01-01,OBT-021,0,0.155,0,0,48,0,0,True
PKM-025,2026-01-01,OBT-022,6,0.155,1,7,8,5,8,True
PKM-025,2026-01-01,OBT-023,3,0.155,1,4,3,2,4,True
PKM-025,2026-01-01,OBT-024,25,0.155,4,29,52,20,31,True
PKM-025,2026-01-01,OBT-025,24,0.155,4,28,48,19,30,True
PKM-025,2026-01-01,OBT-026,9,0.155,2,11,14,7,11,True
PKM-025,2026-01-01,OBT-027,11,0.155,2,13,17,9,14,True
PKM-025,2026-01-01,OBT-028,2,0.155,1,3,2,2,2,True
PKM-025,2026-01-01,OBT-029,0,0.155,0,0,26,0,0,True
PKM-025,2026-01-01,OBT-030,0,0.155,0,0,26,0,0,True
PKM-026,2026-01-01,OBT-001,14,0.218,4,18,25,11,18,True
PKM-026,2026-01-01,OBT-002,2,0.218,1,3,3,2,2,True
PKM-026,2026-01-01,OBT-003,9,0.218,2,11,16,7,11,True
PKM-026,2026-01-01,OBT-004,142,0.218,31,173,144,114,178,True
PKM-026,2026-01-01,OBT-005,24,0.218,6,30,45,19,30,True
PKM-026,2026-01-01,OBT-006,24,0.218,6,30,63,19,30,True
PKM-026,2026-01-01,OBT-007,1,0.218,1,2,4,1,1,True
PKM-026,2026-01-01,OBT-008,13,0.218,3,16,81,10,16,True
PKM-026,2026-01-01,OBT-009,8,0.218,2,10,50,6,10,True
PKM-026,2026-01-01,OBT-010,1,0.218,1,2,4,1,1,True
PKM-026,2026-01-01,OBT-011,5,0.218,2,7,7,4,6,True
PKM-026,2026-01-01,OBT-012,31,0.218,7,38,35,25,39,True
PKM-026,2026-01-01,OBT-013,36,0.218,8,44,58,29,45,True
PKM-026,2026-01-01,OBT-014,7,0.218,2,9,22,6,9,True
PKM-026,2026-01-01,OBT-015,7,0.218,2,9,11,6,9,True
PKM-026,2026-01-01,OBT-016,13,0.218,3,16,28,10,16,True
PKM-026,2026-01-01,OBT-017,24,0.218,6,30,51,19,30,True
PKM-026,2026-01-01,OBT-018,24,0.218,6,30,24,19,30,True
PKM-026,2026-01-01,OBT-019,0,0.218,0,0,60,0,0,True
PKM-026,2026-01-01,OBT-020,0,0.218,0,0,26,0,0,True
PKM-026,2026-01-01,OBT-021,0,0.218,0,0,48,0,0,True
PKM-026,2026-01-01,OBT-022,14,0.218,4,18,10,11,18,True
PKM-026,2026-01-01,OBT-023,7,0.218,2,9,9,6,9,True
PKM-026,2026-01-01,OBT-024,31,0.218,7,38,51,25,39,True
PKM-026,2026-01-01,OBT-025,32,0.218,7,39,24,26,40,True
PKM-026,2026-01-01,OBT-026,9,0.218,2,11,18,7,11,True
PKM-026,2026-01-01,OBT-027,11,0.218,3,14,26,9,14,True
PKM-026,2026-01-01,OBT-028,1,0.218,1,2,6,1,1,True
PKM-026,2026-01-01,OBT-029,16,0.218,4,20,26,13,20,True
PKM-026,2026-01-01,OBT-030,12,0.218,3,15,8,10,15,True
PKM-027,2026-01-01,OBT-001,39,0.5,20,59,92,31,49,True
PKM-027,2026-01-01,OBT-002,5,0.5,3,8,9,4,6,True
PKM-027,2026-01-01,OBT-003,10,0.5,5,15,142,8,12,True
PKM-027,2026-01-01,OBT-004,146,0.5,73,219,96,117,182,True
PKM-027,2026-01-01,OBT-005,22,0.5,11,33,9,18,28,True
PKM-027,2026-01-01,OBT-006,22,0.5,11,33,9,18,28,True
PKM-027,2026-01-01,OBT-007,1,0.5,1,2,8,1,1,True
PKM-027,2026-01-01,OBT-008,11,0.5,6,17,29,9,14,True
PKM-027,2026-01-01,OBT-009,10,0.5,5,15,26,8,12,True
PKM-027,2026-01-01,OBT-010,0,0.5,0,0,0,0,0,True
PKM-027,2026-01-01,OBT-011,3,0.5,2,5,8,2,4,True
PKM-027,2026-01-01,OBT-012,21,0.5,11,32,47,17,26,True
PKM-027,2026-01-01,OBT-013,25,0.5,13,38,6,20,31,True
PKM-027,2026-01-01,OBT-014,6,0.5,3,9,3,5,8,True
PKM-027,2026-01-01,OBT-015,6,0.5,3,9,2,5,8,True
PKM-027,2026-01-01,OBT-016,11,0.5,6,17,5,9,14,True
PKM-027,2026-01-01,OBT-017,23,0.5,12,35,7,18,29,True
PKM-027,2026-01-01,OBT-018,0,0.5,0,0,48,0,0,True
PKM-027,2026-01-01,OBT-019,0,0.5,0,0,60,0,0,True
PKM-027,2026-01-01,OBT-020,0,0.5,0,0,28,0,0,True
PKM-027,2026-01-01,OBT-021,24,0.5,12,36,48,19,30,True
PKM-027,2026-01-01,OBT-022,0,0.5,0,0,33,0,0,True
PKM-027,2026-01-01,OBT-023,0,0.5,0,0,13,0,0,True
PKM-027,2026-01-01,OBT-024,15,0.5,8,23,50,12,19,True
PKM-027,2026-01-01,OBT-025,0,0.5,0,0,48,0,0,True
PKM-027,2026-01-01,OBT-026,9,0.5,5,14,4,7,11,True
PKM-027,2026-01-01,OBT-027,11,0.5,6,17,4,9,14,True
PKM-027,2026-01-01,OBT-028,1,0.5,1,2,2,1,1,True
PKM-027,2026-01-01,OBT-029,0,0.5,0,0,42,0,0,True
PKM-027,2026-01-01,OBT-030,0,0.5,0,0,20,0,0,True
PKM-028,2026-01-01,OBT-001,36,0.148,6,42,32,29,45,True
PKM-028,2026-01-01,OBT-002,4,0.148,1,5,4,3,5,True
PKM-028,2026-01-01,OBT-003,28,0.148,5,33,4,22,35,True
PKM-028,2026-01-01,OBT-004,184,0.148,28,212,192,147,230,True
PKM-028,2026-01-01,OBT-005,25,0.148,4,29,36,20,31,True
PKM-028,2026-01-01,OBT-006,25,0.148,4,29,36,20,31,True
PKM-028,2026-01-01,OBT-007,2,0.148,1,3,0,2,2,True
PKM-028,2026-01-01,OBT-008,28,0.148,5,33,62,22,35,True
PKM-028,2026-01-01,OBT-009,17,0.148,3,20,37,14,21,True
PKM-028,2026-01-01,OBT-010,1,0.148,1,2,3,1,1,True
PKM-028,2026-01-01,OBT-011,6,0.148,1,7,27,5,8,True
PKM-028,2026-01-01,OBT-012,33,0.148,5,38,160,26,41,True
PKM-028,2026-01-01,OBT-013,27,0.148,4,31,29,22,34,True
PKM-028,2026-01-01,OBT-014,6,0.148,1,7,16,5,8,True
PKM-028,2026-01-01,OBT-015,1,0.148,1,2,18,1,1,True
PKM-028,2026-01-01,OBT-016,3,0.148,1,4,36,2,4,True
PKM-028,2026-01-01,OBT-017,20,0.148,3,23,37,16,25,True
PKM-028,2026-01-01,OBT-018,0,0.148,0,0,48,0,0,True
PKM-028,2026-01-01,OBT-019,30,0.148,5,35,60,24,38,True
PKM-028,2026-01-01,OBT-020,13,0.148,2,15,18,10,16,True
PKM-028,2026-01-01,OBT-021,0,0.148,0,0,2,0,0,True
PKM-028,2026-01-01,OBT-022,0,0.148,0,0,12,0,0,True
PKM-028,2026-01-01,OBT-023,0,0.148,0,0,6,0,0,True
PKM-028,2026-01-01,OBT-024,18,0.148,3,21,39,14,22,True
PKM-028,2026-01-01,OBT-025,0,0.148,0,0,96,0,0,True
PKM-028,2026-01-01,OBT-026,10,0.148,2,12,21,8,12,True
PKM-028,2026-01-01,OBT-027,13,0.148,2,15,26,10,16,True
PKM-028,2026-01-01,OBT-028,1,0.148,1,2,2,1,1,True
PKM-028,2026-01-01,OBT-029,13,0.148,2,15,52,10,16,True
PKM-028,2026-01-01,OBT-030,12,0.148,2,14,16,10,15,True
PKM-029,2026-01-01,OBT-001,21,0.308,7,28,40,17,26,True
PKM-029,2026-01-01,OBT-002,3,0.308,1,4,3,2,4,True
PKM-029,2026-01-01,OBT-003,11,0.308,4,15,16,9,14,True
PKM-029,2026-01-01,OBT-004,165,0.308,51,216,528,132,206,True
PKM-029,2026-01-01,OBT-005,27,0.308,9,36,99,22,34,True
PKM-029,2026-01-01,OBT-006,27,0.308,9,36,99,22,34,True
PKM-029,2026-01-01,OBT-007,1,0.308,1,2,2,1,1,True
PKM-029,2026-01-01,OBT-008,22,0.308,7,29,45,18,28,True
PKM-029,2026-01-01,OBT-009,15,0.308,5,20,24,12,19,True
PKM-029,2026-01-01,OBT-010,1,0.308,1,2,2,1,1,True
PKM-029,2026-01-01,OBT-011,5,0.308,2,7,11,4,6,True
PKM-029,2026-01-01,OBT-012,29,0.308,9,38,65,23,36,True
PKM-029,2026-01-01,OBT-013,66,0.308,21,87,56,53,82,True
PKM-029,2026-01-01,OBT-014,16,0.308,5,21,22,13,20,True
PKM-029,2026-01-01,OBT-015,6,0.308,2,8,22,5,8,True
PKM-029,2026-01-01,OBT-016,13,0.308,5,18,0,10,16,True
PKM-029,2026-01-01,OBT-017,22,0.308,7,29,25,18,28,True
PKM-029,2026-01-01,OBT-018,24,0.308,8,32,36,19,30,True
PKM-029,2026-01-01,OBT-019,0,0.308,0,0,60,0,0,True
PKM-029,2026-01-01,OBT-020,0,0.308,0,0,26,0,0,True
PKM-029,2026-01-01,OBT-021,0,0.308,0,0,48,0,0,True
PKM-029,2026-01-01,OBT-022,5,0.308,2,7,11,4,6,True
PKM-029,2026-01-01,OBT-023,3,0.308,1,4,6,2,4,True
PKM-029,2026-01-01,OBT-024,40,0.308,13,53,19,32,50,True
PKM-029,2026-01-01,OBT-025,24,0.308,8,32,0,19,30,True
PKM-029,2026-01-01,OBT-026,8,0.308,3,11,0,6,10,True
PKM-029,2026-01-01,OBT-027,10,0.308,4,14,1,8,12,True
PKM-029,2026-01-01,OBT-028,1,0.308,1,2,2,1,1,True
PKM-029,2026-01-01,OBT-029,0,0.308,0,0,2,0,0,True
PKM-029,2026-01-01,OBT-030,0,0.308,0,0,2,0,0,True
PKM-030,2026-01-01,OBT-001,41,0.237,10,51,30,33,51,True
PKM-030,2026-01-01,OBT-002,5,0.237,2,7,4,4,6,True
PKM-030,2026-01-01,OBT-003,21,0.237,5,26,15,17,26,True
PKM-030,2026-01-01,OBT-004,169,0.237,41,210,270,135,211,True
PKM-030,2026-01-01,OBT-005,24,0.237,6,30,54,19,30,True
PKM-030,2026-01-01,OBT-006,24,0.237,6,30,45,19,30,True
PKM-030,2026-01-01,OBT-007,1,0.237,1,2,0,1,1,True
PKM-030,2026-01-01,OBT-008,19,0.237,5,24,44,15,24,True
PKM-030,2026-01-01,OBT-009,13,0.237,4,17,26,10,16,True
PKM-030,2026-01-01,OBT-010,1,0.237,1,2,2,1,1,True
PKM-030,2026-01-01,OBT-011,5,0.237,2,7,10,4,6,True
PKM-030,2026-01-01,OBT-012,29,0.237,7,36,65,23,36,True
PKM-030,2026-01-01,OBT-013,54,0.237,13,67,42,43,68,True
PKM-030,2026-01-01,OBT-014,9,0.237,3,12,22,7,11,True
PKM-030,2026-01-01,OBT-015,0,0.237,0,0,12,0,0,True
PKM-030,2026-01-01,OBT-016,0,0.237,0,0,26,0,0,True
PKM-030,2026-01-01,OBT-017,32,0.237,8,40,76,26,40,True
PKM-030,2026-01-01,OBT-018,24,0.237,6,30,48,19,30,True
PKM-030,2026-01-01,OBT-019,30,0.237,8,38,60,24,38,True
PKM-030,2026-01-01,OBT-020,12,0.237,3,15,24,10,15,True
PKM-030,2026-01-01,OBT-021,24,0.237,6,30,48,19,30,True
PKM-030,2026-01-01,OBT-022,5,0.237,2,7,7,4,6,True
PKM-030,2026-01-01,OBT-023,3,0.237,1,4,3,2,4,True
PKM-030,2026-01-01,OBT-024,56,0.237,14,70,12,45,70,True
PKM-030,2026-01-01,OBT-025,23,0.237,6,29,108,18,29,True
PKM-030,2026-01-01,OBT-026,18,0.237,5,23,42,14,22,True
PKM-030,2026-01-01,OBT-027,21,0.237,5,26,50,17,26,True
PKM-030,2026-01-01,OBT-028,2,0.237,1,3,1,2,2,True
PKM-030,2026-01-01,OBT-029,0,0.237,0,0,28,0,0,True
PKM-030,2026-01-01,OBT-030,0,0.237,0,0,24,0,0,True
